block_index	language	source_offset_tokens	length_tokens
0	EN	0	2048
1	TL	0	2048
2	EN	2048	2048
3	TL	2048	2048
4	EN	4096	2048
5	TL	4096	2048
6	EN	6144	2048
7	TL	6144	2048
8	EN	8192	2048
9	TL	8192	2048
10	EN	10240	2048
11	TL	10240	2048
12	EN	12288	2048
13	TL	12288	2048
14	EN	14336	2048
15	TL	14336	2048
16	EN	16384	2048
17	TL	16384	2048
18	EN	18432	2048
19	TL	18432	2048
20	EN	20480	2048
21	TL	20480	2048
22	EN	22528	2048
23	TL	22528	2048
24	EN	24576	2048
25	TL	24576	2048
26	EN	26624	2048
27	TL	26624	2048
28	EN	28672	2048
29	TL	28672	2048
30	EN	30720	2048
31	TL	30720	2048
32	EN	32768	2048
33	TL	32768	2048
34	EN	34816	2048
35	TL	34816	2048
36	EN	36864	2048
37	TL	36864	2048
38	EN	38912	2048
39	TL	38912	2048
40	EN	40960	2048
41	TL	40960	2048
42	EN	43008	2048
43	TL	43008	2048
44	EN	45056	2048
45	TL	45056	2048
46	EN	47104	2048
47	TL	47104	2048
48	EN	49152	2048
49	TL	49152	2048
50	EN	51200	2048
51	TL	51200	2048
52	EN	53248	2048
53	TL	53248	2048
54	EN	55296	2048
55	TL	55296	2048
56	EN	57344	2048
57	TL	57344	2048
58	EN	59392	2048
59	TL	59392	2048
60	EN	61440	2048
61	TL	61440	2048
62	EN	63488	2048
63	TL	63488	2048
64	EN	65536	2048
65	TL	65536	2048
66	EN	67584	2048
67	TL	67584	2048
68	EN	69632	2048
69	TL	69632	2048
70	EN	71680	2048
71	TL	71680	2048
72	EN	73728	2048
73	TL	73728	2048
74	EN	75776	2048
75	TL	75776	2048
76	EN	77824	2048
77	TL	77824	2048
78	EN	79872	2048
79	TL	79872	2048
80	EN	81920	2048
81	TL	81920	2048
82	EN	83968	2048
83	TL	83968	2048
84	EN	86016	2048
85	TL	86016	2048
86	EN	88064	2048
87	TL	88064	2048
88	EN	90112	2048
89	TL	90112	2048
90	EN	92160	2048
91	TL	92160	2048
92	EN	94208	2048
93	TL	94208	2048
94	EN	96256	2048
95	TL	96256	2048
96	EN	98304	2048
97	TL	98304	2048
98	EN	100352	2048
99	TL	100352	2048
100	EN	102400	2048
101	TL	102400	2048
102	EN	104448	2048
103	TL	104448	2048
104	EN	106496	2048
105	TL	106496	2048
106	EN	108544	2048
107	TL	108544	2048
108	EN	110592	2048
109	TL	110592	2048
110	EN	112640	2048
111	TL	112640	2048
112	EN	114688	2048
113	TL	114688	2048
114	EN	116736	2048
115	TL	116736	2048
116	EN	118784	2048
117	TL	118784	2048
118	EN	120832	2048
119	TL	120832	2048
120	EN	122880	2048
121	TL	122880	2048
122	EN	124928	2048
123	TL	124928	2048
124	EN	126976	2048
125	TL	126976	2048
126	EN	129024	2048
127	TL	129024	2048
128	EN	131072	2048
129	TL	131072	2048
130	EN	133120	2048
131	TL	133120	2048
132	EN	135168	2048
133	TL	135168	2048
134	EN	137216	2048
135	TL	137216	2048
136	EN	139264	2048
137	TL	139264	2048
138	EN	141312	2048
139	TL	141312	2048
140	EN	143360	2048
141	TL	143360	2048
142	EN	145408	2048
143	TL	145408	2048
144	EN	147456	2048
145	TL	147456	2048
146	EN	149504	2048
147	TL	149504	2048
148	EN	151552	2048
149	TL	151552	2048
150	EN	153600	2048
151	TL	153600	2048
152	EN	155648	2048
153	TL	155648	2048
154	EN	157696	2048
155	TL	157696	2048
156	EN	159744	2048
157	TL	159744	2048
158	EN	161792	2048
159	TL	161792	2048
160	EN	163840	2048
161	TL	163840	2048
162	EN	165888	2048
163	TL	165888	2048
164	EN	167936	2048
165	TL	167936	2048
166	EN	169984	2048
167	TL	169984	2048
168	EN	172032	2048
169	TL	172032	2048
170	EN	174080	2048
171	TL	174080	2048
172	EN	176128	2048
173	TL	176128	2048
174	EN	178176	2048
175	TL	178176	2048
176	EN	180224	2048
177	TL	180224	2048
178	EN	182272	2048
179	TL	182272	2048
180	EN	184320	2048
181	TL	184320	2048
182	EN	186368	2048
183	TL	186368	2048
184	EN	188416	2048
185	TL	188416	2048
186	EN	190464	2048
187	TL	190464	2048
188	EN	192512	2048
189	TL	192512	2048
190	EN	194560	2048
191	TL	194560	2048
192	EN	196608	2048
193	TL	196608	2048
194	EN	198656	2048
195	TL	198656	2048
196	EN	200704	2048
197	TL	200704	2048
198	EN	202752	2048
199	TL	202752	2048
200	EN	204800	2048
201	TL	204800	2048
202	EN	206848	2048
203	TL	206848	2048
204	EN	208896	2048
205	TL	208896	2048
206	EN	210944	2048
207	TL	210944	2048
208	EN	212992	2048
209	TL	212992	2048
210	EN	215040	2048
211	TL	215040	2048
212	EN	217088	2048
213	TL	217088	2048
214	EN	219136	2048
215	TL	219136	2048
216	EN	221184	2048
217	TL	221184	2048
218	EN	223232	2048
219	TL	223232	2048
220	EN	225280	2048
221	TL	225280	2048
222	EN	227328	2048
223	TL	227328	2048
224	EN	229376	2048
225	TL	229376	2048
226	EN	231424	2048
227	TL	231424	2048
228	EN	233472	2048
229	TL	233472	2048
230	EN	235520	2048
231	TL	235520	2048
232	EN	237568	2048
233	TL	237568	2048
234	EN	239616	2048
235	TL	239616	2048
236	EN	241664	2048
237	TL	241664	2048
238	EN	243712	2048
239	TL	243712	2048
240	EN	245760	2048
241	TL	245760	2048
242	EN	247808	2048
243	TL	247808	2048
244	EN	249856	2048
245	TL	249856	2048
246	EN	251904	2048
247	TL	251904	2048
248	EN	253952	2048
249	TL	253952	2048
250	EN	256000	2048
251	TL	256000	2048
252	EN	258048	2048
253	TL	258048	2048
254	EN	260096	2048
255	TL	260096	2048
256	EN	262144	2048
257	TL	262144	2048
258	EN	264192	2048
259	TL	264192	2048
260	EN	266240	2048
261	TL	266240	2048
262	EN	268288	2048
263	TL	268288	2048
264	EN	270336	2048
265	TL	270336	2048
266	EN	272384	2048
267	TL	272384	2048
268	EN	274432	2048
269	TL	274432	2048
270	EN	276480	2048
271	TL	276480	2048
272	EN	278528	2048
273	TL	278528	2048
274	EN	280576	2048
275	TL	280576	2048
276	EN	282624	2048
277	TL	282624	2048
278	EN	284672	2048
279	TL	284672	2048
280	EN	286720	2048
281	TL	286720	2048
282	EN	288768	2048
283	TL	288768	2048
284	EN	290816	2048
285	TL	290816	2048
286	EN	292864	2048
287	TL	292864	2048
288	EN	294912	2048
289	TL	294912	2048
290	EN	296960	2048
291	TL	296960	2048
292	EN	299008	2048
293	TL	299008	2048
294	EN	301056	2048
295	TL	301056	2048
296	EN	303104	2048
297	TL	303104	2048
298	EN	305152	2048
299	TL	305152	2048
300	EN	307200	2048
301	TL	307200	2048
302	EN	309248	2048
303	TL	309248	2048
304	EN	311296	2048
305	TL	311296	2048
306	EN	313344	2048
307	TL	313344	2048
308	EN	315392	2048
309	TL	315392	2048
310	EN	317440	2048
311	TL	317440	2048
312	EN	319488	2048
313	TL	319488	2048
314	EN	321536	2048
315	TL	321536	2048
316	EN	323584	2048
317	TL	323584	2048
318	EN	325632	2048
319	TL	325632	2048
320	EN	327680	2048
321	TL	327680	2048
322	EN	329728	2048
323	TL	329728	2048
324	EN	331776	2048
325	TL	331776	2048
326	EN	333824	2048
327	TL	333824	2048
328	EN	335872	2048
329	TL	335872	2048
330	EN	337920	2048
331	TL	337920	2048
332	EN	339968	2048
333	TL	339968	2048
334	EN	342016	2048
335	TL	342016	2048
336	EN	344064	2048
337	TL	344064	2048
338	EN	346112	2048
339	TL	346112	2048
340	EN	348160	2048
341	TL	348160	2048
342	EN	350208	2048
343	TL	350208	2048
344	EN	352256	2048
345	TL	352256	2048
346	EN	354304	2048
347	TL	354304	2048
348	EN	356352	2048
349	TL	356352	2048
350	EN	358400	2048
351	TL	358400	2048
352	EN	360448	2048
353	TL	360448	2048
354	EN	362496	2048
355	TL	362496	2048
356	EN	364544	2048
357	TL	364544	2048
358	EN	366592	2048
359	TL	366592	2048
360	EN	368640	2048
361	TL	368640	2048
362	EN	370688	2048
363	TL	370688	2048
364	EN	372736	2048
365	TL	372736	2048
366	EN	374784	2048
367	TL	374784	2048
368	EN	376832	2048
369	TL	376832	2048
370	EN	378880	2048
371	TL	378880	2048
372	EN	380928	2048
373	TL	380928	2048
374	EN	382976	2048
375	TL	382976	2048
376	EN	385024	2048
377	TL	385024	2048
378	EN	387072	2048
379	TL	387072	2048
380	EN	389120	2048
381	TL	389120	2048
382	EN	391168	2048
383	TL	391168	2048
384	EN	393216	2048
385	TL	393216	2048
386	EN	395264	2048
387	TL	395264	2048
388	EN	397312	2048
389	TL	397312	2048
390	EN	399360	2048
391	TL	399360	2048
392	EN	401408	2048
393	TL	401408	2048
394	EN	403456	2048
395	TL	403456	2048
396	EN	405504	2048
397	TL	405504	2048
398	EN	407552	2048
399	TL	407552	2048
400	EN	409600	2048
401	TL	409600	2048
402	EN	411648	2048
403	TL	411648	2048
404	EN	413696	2048
405	TL	413696	2048
406	EN	415744	2048
407	TL	415744	2048
408	EN	417792	2048
409	TL	417792	2048
410	EN	419840	2048
411	TL	419840	2048
412	EN	421888	2048
413	TL	421888	2048
414	EN	423936	2048
415	TL	423936	2048
416	EN	425984	2048
417	TL	425984	2048
418	EN	428032	2048
419	TL	428032	2048
420	EN	430080	2048
421	TL	430080	2048
422	EN	432128	2048
423	TL	432128	2048
424	EN	434176	2048
425	TL	434176	2048
426	EN	436224	2048
427	TL	436224	2048
428	EN	438272	2048
429	TL	438272	2048
430	EN	440320	2048
431	TL	440320	2048
432	EN	442368	2048
433	TL	442368	2048
434	EN	444416	2048
435	TL	444416	2048
436	EN	446464	2048
437	TL	446464	2048
438	EN	448512	2048
439	TL	448512	2048
440	EN	450560	2048
441	TL	450560	2048
442	EN	452608	2048
443	TL	452608	2048
444	EN	454656	2048
445	TL	454656	2048
446	EN	456704	2048
447	TL	456704	2048
448	EN	458752	2048
449	TL	458752	2048
450	EN	460800	2048
451	TL	460800	2048
452	EN	462848	2048
453	TL	462848	2048
454	EN	464896	2048
455	TL	464896	2048
456	EN	466944	2048
457	TL	466944	2048
458	EN	468992	2048
459	TL	468992	2048
460	EN	471040	2048
461	TL	471040	2048
462	EN	473088	2048
463	TL	473088	2048
464	EN	475136	2048
465	TL	475136	2048
466	EN	477184	2048
467	TL	477184	2048
468	EN	479232	2048
469	TL	479232	2048
470	EN	481280	2048
471	TL	481280	2048
472	EN	483328	2048
473	TL	483328	2048
474	EN	485376	2048
475	TL	485376	2048
476	EN	487424	2048
477	TL	487424	2048
478	EN	489472	2048
479	TL	489472	2048
480	EN	491520	2048
481	TL	491520	2048
482	EN	493568	2048
483	TL	493568	2048
484	EN	495616	2048
485	TL	495616	2048
486	EN	497664	2048
487	TL	497664	2048
488	EN	499712	2048
489	TL	499712	2048
490	EN	501760	2048
491	TL	501760	2048
492	EN	503808	2048
493	TL	503808	2048
494	EN	505856	2048
495	TL	505856	2048
496	EN	507904	2048
497	TL	507904	2048
498	EN	509952	2048
499	TL	509952	2048
500	EN	512000	2048
501	TL	512000	2048
502	EN	514048	2048
503	TL	514048	2048
504	EN	516096	2048
505	TL	516096	2048
506	EN	518144	2048
507	TL	518144	2048
508	EN	520192	2048
509	TL	520192	2048
510	EN	522240	2048
511	TL	522240	2048
512	EN	524288	2048
513	TL	524288	2048
514	EN	526336	2048
515	TL	526336	2048
516	EN	528384	2048
517	TL	528384	2048
518	EN	530432	2048
519	TL	530432	2048
520	EN	532480	2048
521	TL	532480	2048
522	EN	534528	2048
523	TL	534528	2048
524	EN	536576	2048
525	TL	536576	2048
526	EN	538624	2048
527	TL	538624	2048
528	EN	540672	2048
529	TL	540672	2048
530	EN	542720	2048
531	TL	542720	2048
532	EN	544768	2048
533	TL	544768	2048
534	EN	546816	2048
535	TL	546816	2048
536	EN	548864	2048
537	TL	548864	2048
538	EN	550912	2048
539	TL	550912	2048
540	EN	552960	2048
541	TL	552960	2048
542	EN	555008	2048
543	TL	555008	2048
544	EN	557056	2048
545	TL	557056	2048
546	EN	559104	2048
547	TL	559104	2048
548	EN	561152	2048
549	TL	561152	2048
550	EN	563200	2048
551	TL	563200	2048
552	EN	565248	2048
553	TL	565248	2048
554	EN	567296	2048
555	TL	567296	2048
556	EN	569344	2048
557	TL	569344	2048
558	EN	571392	2048
559	TL	571392	2048
560	EN	573440	2048
561	TL	573440	2048
562	EN	575488	2048
563	TL	575488	2048
564	EN	577536	2048
565	TL	577536	2048
566	EN	579584	2048
567	TL	579584	2048
568	EN	581632	2048
569	TL	581632	2048
570	EN	583680	2048
571	TL	583680	2048
572	EN	585728	2048
573	TL	585728	2048
574	EN	587776	2048
575	TL	587776	2048
576	EN	589824	2048
577	TL	589824	2048
578	EN	591872	2048
579	TL	591872	2048
580	EN	593920	2048
581	TL	593920	2048
582	EN	595968	2048
583	TL	595968	2048
584	EN	598016	2048
585	TL	598016	2048
586	EN	600064	2048
587	TL	600064	2048
588	EN	602112	2048
589	TL	602112	2048
590	EN	604160	2048
591	TL	604160	2048
592	EN	606208	2048
593	TL	606208	2048
594	EN	608256	2048
595	TL	608256	2048
596	EN	610304	2048
597	TL	610304	2048
598	EN	612352	2048
599	TL	612352	2048
600	EN	614400	2048
601	TL	614400	2048
602	EN	616448	2048
603	TL	616448	2048
604	EN	618496	2048
605	TL	618496	2048
606	EN	620544	2048
607	TL	620544	2048
608	EN	622592	2048
609	TL	622592	2048
610	EN	624640	2048
611	TL	624640	2048
612	EN	626688	2048
613	TL	626688	2048
614	EN	628736	2048
615	TL	628736	2048
616	EN	630784	2048
617	TL	630784	2048
618	EN	632832	2048
619	TL	632832	2048
620	EN	634880	2048
621	TL	634880	2048
622	EN	636928	2048
623	TL	636928	2048
624	EN	638976	2048
625	TL	638976	2048
626	EN	641024	2048
627	TL	641024	2048
628	EN	643072	2048
629	TL	643072	2048
630	EN	645120	2048
631	TL	645120	2048
632	EN	647168	2048
633	TL	647168	2048
634	EN	649216	2048
635	TL	649216	2048
636	EN	651264	2048
637	TL	651264	2048
638	EN	653312	2048
639	TL	653312	2048
640	EN	655360	2048
641	TL	655360	2048
642	EN	657408	2048
643	TL	657408	2048
644	EN	659456	2048
645	TL	659456	2048
646	EN	661504	2048
647	TL	661504	2048
648	EN	663552	2048
649	TL	663552	2048
650	EN	665600	2048
651	TL	665600	2048
652	EN	667648	2048
653	TL	667648	2048
654	EN	669696	2048
655	TL	669696	2048
656	EN	671744	2048
657	TL	671744	2048
658	EN	673792	2048
659	TL	673792	2048
660	EN	675840	2048
661	TL	675840	2048
662	EN	677888	2048
663	TL	677888	2048
664	EN	679936	2048
665	TL	679936	2048
666	EN	681984	2048
667	TL	681984	2048
668	EN	684032	2048
669	TL	684032	2048
670	EN	686080	2048
671	TL	686080	2048
672	EN	688128	2048
673	TL	688128	2048
674	EN	690176	2048
675	TL	690176	2048
676	EN	692224	2048
677	TL	692224	2048
678	EN	694272	2048
679	TL	694272	2048
680	EN	696320	2048
681	TL	696320	2048
682	EN	698368	2048
683	TL	698368	2048
684	EN	700416	2048
685	TL	700416	2048
686	EN	702464	2048
687	TL	702464	2048
688	EN	704512	2048
689	TL	704512	2048
690	EN	706560	2048
691	TL	706560	2048
692	EN	708608	2048
693	TL	708608	2048
694	EN	710656	2048
695	TL	710656	2048
696	EN	712704	2048
697	TL	712704	2048
698	EN	714752	2048
699	TL	714752	2048
700	EN	716800	2048
701	TL	716800	2048
702	EN	718848	2048
703	TL	718848	2048
704	EN	720896	2048
705	TL	720896	2048
706	EN	722944	2048
707	TL	722944	2048
708	EN	724992	2048
709	TL	724992	2048
710	EN	727040	2048
711	TL	727040	2048
712	EN	729088	2048
713	TL	729088	2048
714	EN	731136	2048
715	TL	731136	2048
716	EN	733184	2048
717	TL	733184	2048
718	EN	735232	2048
719	TL	735232	2048
720	EN	737280	2048
721	TL	737280	2048
722	EN	739328	2048
723	TL	739328	2048
724	EN	741376	2048
725	TL	741376	2048
726	EN	743424	2048
727	TL	743424	2048
728	EN	745472	2048
729	TL	745472	2048
730	EN	747520	2048
731	TL	747520	2048
732	EN	749568	2048
733	TL	749568	2048
734	EN	751616	2048
735	TL	751616	2048
736	EN	753664	2048
737	TL	753664	2048
738	EN	755712	2048
739	TL	755712	2048
740	EN	757760	2048
741	TL	757760	2048
742	EN	759808	2048
743	TL	759808	2048
744	EN	761856	2048
745	TL	761856	2048
746	EN	763904	2048
747	TL	763904	2048
748	EN	765952	2048
749	TL	765952	2048
750	EN	768000	2048
751	TL	768000	2048
752	EN	770048	2048
753	TL	770048	2048
754	EN	772096	2048
755	TL	772096	2048
756	EN	774144	2048
757	TL	774144	2048
758	EN	776192	2048
759	TL	776192	2048
760	EN	778240	2048
761	TL	778240	2048
762	EN	780288	2048
763	TL	780288	2048
764	EN	782336	2048
765	TL	782336	2048
766	EN	784384	2048
767	TL	784384	2048
768	EN	786432	2048
769	TL	786432	2048
770	EN	788480	2048
771	TL	788480	2048
772	EN	790528	2048
773	TL	790528	2048
774	EN	792576	2048
775	TL	792576	2048
776	EN	794624	2048
777	TL	794624	2048
778	EN	796672	2048
779	TL	796672	2048
780	EN	798720	2048
781	TL	798720	2048
782	EN	800768	2048
783	TL	800768	2048
784	EN	802816	2048
785	TL	802816	2048
786	EN	804864	2048
787	TL	804864	2048
788	EN	806912	2048
789	TL	806912	2048
790	EN	808960	2048
791	TL	808960	2048
792	EN	811008	2048
793	TL	811008	2048
794	EN	813056	2048
795	TL	813056	2048
796	EN	815104	2048
797	TL	815104	2048
798	EN	817152	2048
799	TL	817152	2048
800	EN	819200	2048
801	TL	819200	2048
802	EN	821248	2048
803	TL	821248	2048
804	EN	823296	2048
805	TL	823296	2048
806	EN	825344	2048
807	TL	825344	2048
808	EN	827392	2048
809	TL	827392	2048
810	EN	829440	2048
811	TL	829440	2048
812	EN	831488	2048
813	TL	831488	2048
814	EN	833536	2048
815	TL	833536	2048
816	EN	835584	2048
817	TL	835584	2048
818	EN	837632	2048
819	TL	837632	2048
820	EN	839680	2048
821	TL	839680	2048
822	EN	841728	2048
823	TL	841728	2048
824	EN	843776	2048
825	TL	843776	2048
826	EN	845824	2048
827	TL	845824	2048
828	EN	847872	2048
829	TL	847872	2048
830	EN	849920	2048
831	TL	849920	2048
832	EN	851968	2048
833	TL	851968	2048
834	EN	854016	2048
835	TL	854016	2048
836	EN	856064	2048
837	TL	856064	2048
838	EN	858112	2048
839	TL	858112	2048
840	EN	860160	2048
841	TL	860160	2048
842	EN	862208	2048
843	TL	862208	2048
844	EN	864256	2048
845	TL	864256	2048
846	EN	866304	2048
847	TL	866304	2048
848	EN	868352	2048
849	TL	868352	2048
850	EN	870400	2048
851	TL	870400	2048
852	EN	872448	2048
853	TL	872448	2048
854	EN	874496	2048
855	TL	874496	2048
856	EN	876544	2048
857	TL	876544	2048
858	EN	878592	2048
859	TL	878592	2048
860	EN	880640	2048
861	TL	880640	2048
862	EN	882688	2048
863	TL	882688	2048
864	EN	884736	2048
865	TL	884736	2048
866	EN	886784	2048
867	TL	886784	2048
868	EN	888832	2048
869	TL	888832	2048
870	EN	890880	2048
871	TL	890880	2048
872	EN	892928	2048
873	TL	892928	2048
874	EN	894976	2048
875	TL	894976	2048
876	EN	897024	2048
877	TL	897024	2048
878	EN	899072	2048
879	TL	899072	2048
880	EN	901120	2048
881	TL	901120	2048
882	EN	903168	2048
883	TL	903168	2048
884	EN	905216	2048
885	TL	905216	2048
886	EN	907264	2048
887	TL	907264	2048
888	EN	909312	2048
889	TL	909312	2048
890	EN	911360	2048
891	TL	911360	2048
892	EN	913408	2048
893	TL	913408	2048
894	EN	915456	2048
895	TL	915456	2048
896	EN	917504	2048
897	TL	917504	2048
898	EN	919552	2048
899	TL	919552	2048
900	EN	921600	2048
901	TL	921600	2048
902	EN	923648	2048
903	TL	923648	2048
904	EN	925696	2048
905	TL	925696	2048
906	EN	927744	2048
907	TL	927744	2048
908	EN	929792	2048
909	TL	929792	2048
910	EN	931840	2048
911	TL	931840	2048
912	EN	933888	2048
913	TL	933888	2048
914	EN	935936	2048
915	TL	935936	2048
916	EN	937984	2048
917	TL	937984	2048
918	EN	940032	2048
919	TL	940032	2048
920	EN	942080	2048
921	TL	942080	2048
922	EN	944128	2048
923	TL	944128	2048
924	EN	946176	2048
925	TL	946176	2048
926	EN	948224	2048
927	TL	948224	2048
928	EN	950272	2048
929	TL	950272	2048
930	EN	952320	2048
931	TL	952320	2048
932	EN	954368	2048
933	TL	954368	2048
934	EN	956416	2048
935	TL	956416	2048
936	EN	958464	2048
937	TL	958464	2048
938	EN	960512	2048
939	TL	960512	2048
940	EN	962560	2048
941	TL	962560	2048
942	EN	964608	2048
943	TL	964608	2048
944	EN	966656	2048
945	TL	966656	2048
946	EN	968704	2048
947	TL	968704	2048
948	EN	970752	2048
949	TL	970752	2048
950	EN	972800	2048
951	TL	972800	2048
952	EN	974848	2048
953	TL	974848	2048
954	EN	976896	2048
955	TL	976896	2048
956	EN	978944	2048
957	TL	978944	2048
958	EN	980992	2048
959	TL	980992	2048
960	EN	983040	2048
961	TL	983040	2048
962	EN	985088	2048
963	TL	985088	2048
964	EN	987136	2048
965	TL	987136	2048
966	EN	989184	2048
967	TL	989184	2048
968	EN	991232	2048
969	TL	991232	2048
970	EN	993280	2048
971	TL	993280	2048
972	EN	995328	2048
973	TL	995328	2048
974	EN	997376	2048
975	TL	997376	2048
976	EN	999424	2048
977	TL	999424	2048
978	EN	1001472	2048
979	TL	1001472	2048
980	EN	1003520	2048
981	TL	1003520	2048
982	EN	1005568	2048
983	TL	1005568	2048
984	EN	1007616	2048
985	TL	1007616	2048
986	EN	1009664	2048
987	TL	1009664	2048
988	EN	1011712	2048
989	TL	1011712	2048
990	EN	1013760	2048
991	TL	1013760	2048
992	EN	1015808	2048
993	TL	1015808	2048
994	EN	1017856	2048
995	TL	1017856	2048
996	EN	1019904	2048
997	TL	1019904	2048
998	EN	1021952	2048
999	TL	1021952	2048
1000	EN	1024000	2048
1001	TL	1024000	2048
1002	EN	1026048	2048
1003	TL	1026048	2048
1004	EN	1028096	2048
1005	TL	1028096	2048
1006	EN	1030144	2048
1007	TL	1030144	2048
1008	EN	1032192	2048
1009	TL	1032192	2048
1010	EN	1034240	2048
1011	TL	1034240	2048
1012	EN	1036288	2048
1013	TL	1036288	2048
1014	EN	1038336	2048
1015	TL	1038336	2048
1016	EN	1040384	2048
1017	TL	1040384	2048
1018	EN	1042432	2048
1019	TL	1042432	2048
1020	EN	1044480	2048
1021	TL	1044480	2048
1022	EN	1046528	2048
1023	TL	1046528	2048
1024	EN	1048576	2048
1025	TL	1048576	2048
1026	EN	1050624	2048
1027	TL	1050624	2048
1028	EN	1052672	2048
1029	TL	1052672	2048
1030	EN	1054720	2048
1031	TL	1054720	2048
1032	EN	1056768	2048
1033	TL	1056768	2048
1034	EN	1058816	2048
1035	TL	1058816	2048
1036	EN	1060864	2048
1037	TL	1060864	2048
1038	EN	1062912	2048
1039	TL	1062912	2048
1040	EN	1064960	2048
1041	TL	1064960	2048
1042	EN	1067008	2048
1043	TL	1067008	2048
1044	EN	1069056	2048
1045	TL	1069056	2048
1046	EN	1071104	2048
1047	TL	1071104	2048
1048	EN	1073152	2048
1049	TL	1073152	2048
1050	EN	1075200	2048
1051	TL	1075200	2048
1052	EN	1077248	2048
1053	TL	1077248	2048
1054	EN	1079296	2048
1055	TL	1079296	2048
1056	EN	1081344	2048
1057	TL	1081344	2048
1058	EN	1083392	2048
1059	TL	1083392	2048
1060	EN	1085440	2048
1061	TL	1085440	2048
1062	EN	1087488	2048
1063	TL	1087488	2048
1064	EN	1089536	2048
1065	TL	1089536	2048
1066	EN	1091584	2048
1067	TL	1091584	2048
1068	EN	1093632	2048
1069	TL	1093632	2048
1070	EN	1095680	2048
1071	TL	1095680	2048
1072	EN	1097728	2048
1073	TL	1097728	2048
1074	EN	1099776	2048
1075	TL	1099776	2048
1076	EN	1101824	2048
1077	TL	1101824	2048
1078	EN	1103872	2048
1079	TL	1103872	2048
1080	EN	1105920	2048
1081	TL	1105920	2048
1082	EN	1107968	2048
1083	TL	1107968	2048
1084	EN	1110016	2048
1085	TL	1110016	2048
1086	EN	1112064	2048
1087	TL	1112064	2048
1088	EN	1114112	2048
1089	TL	1114112	2048
1090	EN	1116160	2048
1091	TL	1116160	2048
1092	EN	1118208	2048
1093	TL	1118208	2048
1094	EN	1120256	2048
1095	TL	1120256	2048
1096	EN	1122304	2048
1097	TL	1122304	2048
1098	EN	1124352	2048
1099	TL	1124352	2048
1100	EN	1126400	2048
1101	TL	1126400	2048
1102	EN	1128448	2048
1103	TL	1128448	2048
1104	EN	1130496	2048
1105	TL	1130496	2048
1106	EN	1132544	2048
1107	TL	1132544	2048
1108	EN	1134592	2048
1109	TL	1134592	2048
1110	EN	1136640	2048
1111	TL	1136640	2048
1112	EN	1138688	2048
1113	TL	1138688	2048
1114	EN	1140736	2048
1115	TL	1140736	2048
1116	EN	1142784	2048
1117	TL	1142784	2048
1118	EN	1144832	2048
1119	TL	1144832	2048
1120	EN	1146880	2048
1121	TL	1146880	2048
1122	EN	1148928	2048
1123	TL	1148928	2048
1124	EN	1150976	2048
1125	TL	1150976	2048
1126	EN	1153024	2048
1127	TL	1153024	2048
1128	EN	1155072	2048
1129	TL	1155072	2048
1130	EN	1157120	2048
1131	TL	1157120	2048
1132	EN	1159168	2048
1133	TL	1159168	2048
1134	EN	1161216	2048
1135	TL	1161216	2048
1136	EN	1163264	2048
1137	TL	1163264	2048
1138	EN	1165312	2048
1139	TL	1165312	2048
1140	EN	1167360	2048
1141	TL	1167360	2048
1142	EN	1169408	2048
1143	TL	1169408	2048
1144	EN	1171456	2048
1145	TL	1171456	2048
1146	EN	1173504	2048
1147	TL	1173504	2048
1148	EN	1175552	2048
1149	TL	1175552	2048
1150	EN	1177600	2048
1151	TL	1177600	2048
1152	EN	1179648	2048
1153	TL	1179648	2048
1154	EN	1181696	2048
1155	TL	1181696	2048
1156	EN	1183744	2048
1157	TL	1183744	2048
1158	EN	1185792	2048
1159	TL	1185792	2048
1160	EN	1187840	2048
1161	TL	1187840	2048
1162	EN	1189888	2048
1163	TL	1189888	2048
1164	EN	1191936	2048
1165	TL	1191936	2048
1166	EN	1193984	2048
1167	TL	1193984	2048
1168	EN	1196032	2048
1169	TL	1196032	2048
1170	EN	1198080	2048
1171	TL	1198080	2048
1172	EN	1200128	2048
1173	TL	1200128	2048
1174	EN	1202176	2048
1175	TL	1202176	2048
1176	EN	1204224	2048
1177	TL	1204224	2048
1178	EN	1206272	2048
1179	TL	1206272	2048
1180	EN	1208320	2048
1181	TL	1208320	2048
1182	EN	1210368	2048
1183	TL	1210368	2048
1184	EN	1212416	2048
1185	TL	1212416	2048
1186	EN	1214464	2048
1187	TL	1214464	2048
1188	EN	1216512	2048
1189	TL	1216512	2048
1190	EN	1218560	2048
1191	TL	1218560	2048
1192	EN	1220608	2048
1193	TL	1220608	2048
1194	EN	1222656	2048
1195	TL	1222656	2048
1196	EN	1224704	2048
1197	TL	1224704	2048
1198	EN	1226752	2048
1199	TL	1226752	2048
1200	EN	1228800	2048
1201	TL	1228800	2048
1202	EN	1230848	2048
1203	TL	1230848	2048
1204	EN	1232896	2048
1205	TL	1232896	2048
1206	EN	1234944	2048
1207	TL	1234944	2048
1208	EN	1236992	2048
1209	TL	1236992	2048
1210	EN	1239040	2048
1211	TL	1239040	2048
1212	EN	1241088	2048
1213	TL	1241088	2048
1214	EN	1243136	2048
1215	TL	1243136	2048
1216	EN	1245184	2048
1217	TL	1245184	2048
1218	EN	1247232	2048
1219	TL	1247232	2048
1220	EN	1249280	2048
1221	TL	1249280	2048
1222	EN	1251328	2048
1223	TL	1251328	2048
1224	EN	1253376	2048
1225	TL	1253376	2048
1226	EN	1255424	2048
1227	TL	1255424	2048
1228	EN	1257472	2048
1229	TL	1257472	2048
1230	EN	1259520	2048
1231	TL	1259520	2048
1232	EN	1261568	2048
1233	TL	1261568	2048
1234	EN	1263616	2048
1235	TL	1263616	2048
1236	EN	1265664	2048
1237	TL	1265664	2048
1238	EN	1267712	2048
1239	TL	1267712	2048
1240	EN	1269760	2048
1241	TL	1269760	2048
1242	EN	1271808	2048
1243	TL	1271808	2048
1244	EN	1273856	2048
1245	TL	1273856	2048
1246	EN	1275904	2048
1247	TL	1275904	2048
1248	EN	1277952	2048
1249	TL	1277952	2048
1250	EN	1280000	2048
1251	TL	1280000	2048
1252	EN	1282048	2048
1253	TL	1282048	2048
1254	EN	1284096	2048
1255	TL	1284096	2048
1256	EN	1286144	2048
1257	TL	1286144	2048
1258	EN	1288192	2048
1259	TL	1288192	2048
1260	EN	1290240	2048
1261	TL	1290240	2048
1262	EN	1292288	2048
1263	TL	1292288	2048
1264	EN	1294336	2048
1265	TL	1294336	2048
1266	EN	1296384	2048
1267	TL	1296384	2048
1268	EN	1298432	2048
1269	TL	1298432	2048
1270	EN	1300480	2048
1271	TL	1300480	2048
1272	EN	1302528	2048
1273	TL	1302528	2048
1274	EN	1304576	2048
1275	TL	1304576	2048
1276	EN	1306624	2048
1277	TL	1306624	2048
1278	EN	1308672	2048
1279	TL	1308672	2048
1280	EN	1310720	2048
1281	TL	1310720	2048
1282	EN	1312768	2048
1283	TL	1312768	2048
1284	EN	1314816	2048
1285	TL	1314816	2048
1286	EN	1316864	2048
1287	TL	1316864	2048
1288	EN	1318912	2048
1289	TL	1318912	2048
1290	EN	1320960	2048
1291	TL	1320960	2048
1292	EN	1323008	2048
1293	TL	1323008	2048
1294	EN	1325056	2048
1295	TL	1325056	2048
1296	EN	1327104	2048
1297	TL	1327104	2048
1298	EN	1329152	2048
1299	TL	1329152	2048
1300	EN	1331200	2048
1301	TL	1331200	2048
1302	EN	1333248	2048
1303	TL	1333248	2048
1304	EN	1335296	2048
1305	TL	1335296	2048
1306	EN	1337344	2048
1307	TL	1337344	2048
1308	EN	1339392	2048
1309	TL	1339392	2048
1310	EN	1341440	2048
1311	TL	1341440	2048
1312	EN	1343488	2048
1313	TL	1343488	2048
1314	EN	1345536	2048
1315	TL	1345536	2048
1316	EN	1347584	2048
1317	TL	1347584	2048
1318	EN	1349632	2048
1319	TL	1349632	2048
1320	EN	1351680	2048
1321	TL	1351680	2048
1322	EN	1353728	2048
1323	TL	1353728	2048
1324	EN	1355776	2048
1325	TL	1355776	2048
1326	EN	1357824	2048
1327	TL	1357824	2048
1328	EN	1359872	2048
1329	TL	1359872	2048
1330	EN	1361920	2048
1331	TL	1361920	2048
1332	EN	1363968	2048
1333	TL	1363968	2048
1334	EN	1366016	2048
1335	TL	1366016	2048
1336	EN	1368064	2048
1337	TL	1368064	2048
1338	EN	1370112	2048
1339	TL	1370112	2048
1340	EN	1372160	2048
1341	TL	1372160	2048
1342	EN	1374208	2048
1343	TL	1374208	2048
1344	EN	1376256	2048
1345	TL	1376256	2048
1346	EN	1378304	2048
1347	TL	1378304	2048
1348	EN	1380352	2048
1349	TL	1380352	2048
1350	EN	1382400	2048
1351	TL	1382400	2048
1352	EN	1384448	2048
1353	TL	1384448	2048
1354	EN	1386496	2048
1355	TL	1386496	2048
1356	EN	1388544	2048
1357	TL	1388544	2048
1358	EN	1390592	2048
1359	TL	1390592	2048
1360	EN	1392640	2048
1361	TL	1392640	2048
1362	EN	1394688	2048
1363	TL	1394688	2048
1364	EN	1396736	2048
1365	TL	1396736	2048
1366	EN	1398784	2048
1367	TL	1398784	2048
1368	EN	1400832	2048
1369	TL	1400832	2048
1370	EN	1402880	2048
1371	TL	1402880	2048
1372	EN	1404928	2048
1373	TL	1404928	2048
1374	EN	1406976	2048
1375	TL	1406976	2048
1376	EN	1409024	2048
1377	TL	1409024	2048
1378	EN	1411072	2048
1379	TL	1411072	2048
1380	EN	1413120	2048
1381	TL	1413120	2048
1382	EN	1415168	2048
1383	TL	1415168	2048
1384	EN	1417216	2048
1385	TL	1417216	2048
1386	EN	1419264	2048
1387	TL	1419264	2048
1388	EN	1421312	2048
1389	TL	1421312	2048
1390	EN	1423360	2048
1391	TL	1423360	2048
1392	EN	1425408	2048
1393	TL	1425408	2048
1394	EN	1427456	2048
1395	TL	1427456	2048
1396	EN	1429504	2048
1397	TL	1429504	2048
1398	EN	1431552	2048
1399	TL	1431552	2048
1400	EN	1433600	2048
1401	TL	1433600	2048
1402	EN	1435648	2048
1403	TL	1435648	2048
1404	EN	1437696	2048
1405	TL	1437696	2048
1406	EN	1439744	2048
1407	TL	1439744	2048
1408	EN	1441792	2048
1409	TL	1441792	2048
1410	EN	1443840	2048
1411	TL	1443840	2048
1412	EN	1445888	2048
1413	TL	1445888	2048
1414	EN	1447936	2048
1415	TL	1447936	2048
1416	EN	1449984	2048
1417	TL	1449984	2048
1418	EN	1452032	2048
1419	TL	1452032	2048
1420	EN	1454080	2048
1421	TL	1454080	2048
1422	EN	1456128	2048
1423	TL	1456128	2048
1424	EN	1458176	2048
1425	TL	1458176	2048
1426	EN	1460224	2048
1427	TL	1460224	2048
1428	EN	1462272	2048
1429	TL	1462272	2048
1430	EN	1464320	2048
1431	TL	1464320	2048
1432	EN	1466368	2048
1433	TL	1466368	2048
1434	EN	1468416	2048
1435	TL	1468416	2048
1436	EN	1470464	2048
1437	TL	1470464	2048
1438	EN	1472512	2048
1439	TL	1472512	2048
1440	EN	1474560	2048
1441	TL	1474560	2048
1442	EN	1476608	2048
1443	TL	1476608	2048
1444	EN	1478656	2048
1445	TL	1478656	2048
1446	EN	1480704	2048
1447	TL	1480704	2048
1448	EN	1482752	2048
1449	TL	1482752	2048
1450	EN	1484800	2048
1451	TL	1484800	2048
1452	EN	1486848	2048
1453	TL	1486848	2048
1454	EN	1488896	2048
1455	TL	1488896	2048
1456	EN	1490944	2048
1457	TL	1490944	2048
1458	EN	1492992	2048
1459	TL	1492992	2048
1460	EN	1495040	2048
1461	TL	1495040	2048
1462	EN	1497088	2048
1463	TL	1497088	2048
1464	EN	1499136	2048
1465	TL	1499136	2048
1466	EN	1501184	2048
1467	TL	1501184	2048
1468	EN	1503232	2048
1469	TL	1503232	2048
1470	EN	1505280	2048
1471	TL	1505280	2048
1472	EN	1507328	2048
1473	TL	1507328	2048
1474	EN	1509376	2048
1475	TL	1509376	2048
1476	EN	1511424	2048
1477	TL	1511424	2048
1478	EN	1513472	2048
1479	TL	1513472	2048
1480	EN	1515520	2048
1481	TL	1515520	2048
1482	EN	1517568	2048
1483	TL	1517568	2048
1484	EN	1519616	2048
1485	TL	1519616	2048
1486	EN	1521664	2048
1487	TL	1521664	2048
1488	EN	1523712	2048
1489	TL	1523712	2048
1490	EN	1525760	2048
1491	TL	1525760	2048
1492	EN	1527808	2048
1493	TL	1527808	2048
1494	EN	1529856	2048
1495	TL	1529856	2048
1496	EN	1531904	2048
1497	TL	1531904	2048
1498	EN	1533952	2048
1499	TL	1533952	2048
1500	EN	1536000	2048
1501	TL	1536000	2048
1502	EN	1538048	2048
1503	TL	1538048	2048
1504	EN	1540096	2048
1505	TL	1540096	2048
1506	EN	1542144	2048
1507	TL	1542144	2048
1508	EN	1544192	2048
1509	TL	1544192	2048
1510	EN	1546240	2048
1511	TL	1546240	2048
1512	EN	1548288	2048
1513	TL	1548288	2048
1514	EN	1550336	2048
1515	TL	1550336	2048
1516	EN	1552384	2048
1517	TL	1552384	2048
1518	EN	1554432	2048
1519	TL	1554432	2048
1520	EN	1556480	2048
1521	TL	1556480	2048
1522	EN	1558528	2048
1523	TL	1558528	2048
1524	EN	1560576	2048
1525	TL	1560576	2048
1526	EN	1562624	2048
1527	TL	1562624	2048
1528	EN	1564672	2048
1529	TL	1564672	2048
1530	EN	1566720	2048
1531	TL	1566720	2048
1532	EN	1568768	2048
1533	TL	1568768	2048
1534	EN	1570816	2048
1535	TL	1570816	2048
1536	EN	1572864	2048
1537	TL	1572864	2048
1538	EN	1574912	2048
1539	TL	1574912	2048
1540	EN	1576960	2048
1541	TL	1576960	2048
1542	EN	1579008	2048
1543	TL	1579008	2048
1544	EN	1581056	2048
1545	TL	1581056	2048
1546	EN	1583104	2048
1547	TL	1583104	2048
1548	EN	1585152	2048
1549	TL	1585152	2048
1550	EN	1587200	2048
1551	TL	1587200	2048
1552	EN	1589248	2048
1553	TL	1589248	2048
1554	EN	1591296	2048
1555	TL	1591296	2048
1556	EN	1593344	2048
1557	TL	1593344	2048
1558	EN	1595392	2048
1559	TL	1595392	2048
1560	EN	1597440	2048
1561	TL	1597440	2048
1562	EN	1599488	2048
1563	TL	1599488	2048
1564	EN	1601536	2048
1565	TL	1601536	2048
1566	EN	1603584	2048
1567	TL	1603584	2048
1568	EN	1605632	2048
1569	TL	1605632	2048
1570	EN	1607680	2048
1571	TL	1607680	2048
1572	EN	1609728	2048
1573	TL	1609728	2048
1574	EN	1611776	2048
1575	TL	1611776	2048
1576	EN	1613824	2048
1577	TL	1613824	2048
1578	EN	1615872	2048
1579	TL	1615872	2048
1580	EN	1617920	2048
1581	TL	1617920	2048
1582	EN	1619968	2048
1583	TL	1619968	2048
1584	EN	1622016	2048
1585	TL	1622016	2048
1586	EN	1624064	2048
1587	TL	1624064	2048
1588	EN	1626112	2048
1589	TL	1626112	2048
1590	EN	1628160	2048
1591	TL	1628160	2048
1592	EN	1630208	2048
1593	TL	1630208	2048
1594	EN	1632256	2048
1595	TL	1632256	2048
1596	EN	1634304	2048
1597	TL	1634304	2048
1598	EN	1636352	2048
1599	TL	1636352	2048
1600	EN	1638400	2048
1601	TL	1638400	2048
1602	EN	1640448	2048
1603	TL	1640448	2048
1604	EN	1642496	2048
1605	TL	1642496	2048
1606	EN	1644544	2048
1607	TL	1644544	2048
1608	EN	1646592	2048
1609	TL	1646592	2048
1610	EN	1648640	2048
1611	TL	1648640	2048
1612	EN	1650688	2048
1613	TL	1650688	2048
1614	EN	1652736	2048
1615	TL	1652736	2048
1616	EN	1654784	2048
1617	TL	1654784	2048
1618	EN	1656832	2048
1619	TL	1656832	2048
1620	EN	1658880	2048
1621	TL	1658880	2048
1622	EN	1660928	2048
1623	TL	1660928	2048
1624	EN	1662976	2048
1625	TL	1662976	2048
1626	EN	1665024	2048
1627	TL	1665024	2048
1628	EN	1667072	2048
1629	TL	1667072	2048
1630	EN	1669120	2048
1631	TL	1669120	2048
1632	EN	1671168	2048
1633	TL	1671168	2048
1634	EN	1673216	2048
1635	TL	1673216	2048
1636	EN	1675264	2048
1637	TL	1675264	2048
1638	EN	1677312	2048
1639	TL	1677312	2048
1640	EN	1679360	2048
1641	TL	1679360	2048
1642	EN	1681408	2048
1643	TL	1681408	2048
1644	EN	1683456	2048
1645	TL	1683456	2048
1646	EN	1685504	2048
1647	TL	1685504	2048
1648	EN	1687552	2048
1649	TL	1687552	2048
1650	EN	1689600	2048
1651	TL	1689600	2048
1652	EN	1691648	2048
1653	TL	1691648	2048
1654	EN	1693696	2048
1655	TL	1693696	2048
1656	EN	1695744	2048
1657	TL	1695744	2048
1658	EN	1697792	2048
1659	TL	1697792	2048
1660	EN	1699840	2048
1661	TL	1699840	2048
1662	EN	1701888	2048
1663	TL	1701888	2048
1664	EN	1703936	2048
1665	TL	1703936	2048
1666	EN	1705984	2048
1667	TL	1705984	2048
1668	EN	1708032	2048
1669	TL	1708032	2048
1670	EN	1710080	2048
1671	TL	1710080	2048
1672	EN	1712128	2048
1673	TL	1712128	2048
1674	EN	1714176	2048
1675	TL	1714176	2048
1676	EN	1716224	2048
1677	TL	1716224	2048
1678	EN	1718272	2048
1679	TL	1718272	2048
1680	EN	1720320	2048
1681	TL	1720320	2048
1682	EN	1722368	2048
1683	TL	1722368	2048
1684	EN	1724416	2048
1685	TL	1724416	2048
1686	EN	1726464	2048
1687	TL	1726464	2048
1688	EN	1728512	2048
1689	TL	1728512	2048
1690	EN	1730560	2048
1691	TL	1730560	2048
1692	EN	1732608	2048
1693	TL	1732608	2048
1694	EN	1734656	2048
1695	TL	1734656	2048
1696	EN	1736704	2048
1697	TL	1736704	2048
1698	EN	1738752	2048
1699	TL	1738752	2048
1700	EN	1740800	2048
1701	TL	1740800	2048
1702	EN	1742848	2048
1703	TL	1742848	2048
1704	EN	1744896	2048
1705	TL	1744896	2048
1706	EN	1746944	2048
1707	TL	1746944	2048
1708	EN	1748992	2048
1709	TL	1748992	2048
1710	EN	1751040	2048
1711	TL	1751040	2048
1712	EN	1753088	2048
1713	TL	1753088	2048
1714	EN	1755136	2048
1715	TL	1755136	2048
1716	EN	1757184	2048
1717	TL	1757184	2048
1718	EN	1759232	2048
1719	TL	1759232	2048
1720	EN	1761280	2048
1721	TL	1761280	2048
1722	EN	1763328	2048
1723	TL	1763328	2048
1724	EN	1765376	2048
1725	TL	1765376	2048
1726	EN	1767424	2048
1727	TL	1767424	2048
1728	EN	1769472	2048
1729	TL	1769472	2048
1730	EN	1771520	2048
1731	TL	1771520	2048
1732	EN	1773568	2048
1733	TL	1773568	2048
1734	EN	1775616	2048
1735	TL	1775616	2048
1736	EN	1777664	2048
1737	TL	1777664	2048
1738	EN	1779712	2048
1739	TL	1779712	2048
1740	EN	1781760	2048
1741	TL	1781760	2048
1742	EN	1783808	2048
1743	TL	1783808	2048
1744	EN	1785856	2048
1745	TL	1785856	2048
1746	EN	1787904	2048
1747	TL	1787904	2048
1748	EN	1789952	2048
1749	TL	1789952	2048
1750	EN	1792000	2048
1751	TL	1792000	2048
1752	EN	1794048	2048
1753	TL	1794048	2048
1754	EN	1796096	2048
1755	TL	1796096	2048
1756	EN	1798144	2048
1757	TL	1798144	2048
1758	EN	1800192	2048
1759	TL	1800192	2048
1760	EN	1802240	2048
1761	TL	1802240	2048
1762	EN	1804288	2048
1763	TL	1804288	2048
1764	EN	1806336	2048
1765	TL	1806336	2048
1766	EN	1808384	2048
1767	TL	1808384	2048
1768	EN	1810432	2048
1769	TL	1810432	2048
1770	EN	1812480	2048
1771	TL	1812480	2048
1772	EN	1814528	2048
1773	TL	1814528	2048
1774	EN	1816576	2048
1775	TL	1816576	2048
1776	EN	1818624	2048
1777	TL	1818624	2048
1778	EN	1820672	2048
1779	TL	1820672	2048
1780	EN	1822720	2048
1781	TL	1822720	2048
1782	EN	1824768	2048
1783	TL	1824768	2048
1784	EN	1826816	2048
1785	TL	1826816	2048
1786	EN	1828864	2048
1787	TL	1828864	2048
1788	EN	1830912	2048
1789	TL	1830912	2048
1790	EN	1832960	2048
1791	TL	1832960	2048
1792	EN	1835008	2048
1793	TL	1835008	2048
1794	EN	1837056	2048
1795	TL	1837056	2048
1796	EN	1839104	2048
1797	TL	1839104	2048
1798	EN	1841152	2048
1799	TL	1841152	2048
1800	EN	1843200	2048
1801	TL	1843200	2048
1802	EN	1845248	2048
1803	TL	1845248	2048
1804	EN	1847296	2048
1805	TL	1847296	2048
1806	EN	1849344	2048
1807	TL	1849344	2048
1808	EN	1851392	2048
1809	TL	1851392	2048
1810	EN	1853440	2048
1811	TL	1853440	2048
1812	EN	1855488	2048
1813	TL	1855488	2048
1814	EN	1857536	2048
1815	TL	1857536	2048
1816	EN	1859584	2048
1817	TL	1859584	2048
1818	EN	1861632	2048
1819	TL	1861632	2048
1820	EN	1863680	2048
1821	TL	1863680	2048
1822	EN	1865728	2048
1823	TL	1865728	2048
1824	EN	1867776	2048
1825	TL	1867776	2048
1826	EN	1869824	2048
1827	TL	1869824	2048
1828	EN	1871872	2048
1829	TL	1871872	2048
1830	EN	1873920	2048
1831	TL	1873920	2048
1832	EN	1875968	2048
1833	TL	1875968	2048
1834	EN	1878016	2048
1835	TL	1878016	2048
1836	EN	1880064	2048
1837	TL	1880064	2048
1838	EN	1882112	2048
1839	TL	1882112	2048
1840	EN	1884160	2048
1841	TL	1884160	2048
1842	EN	1886208	2048
1843	TL	1886208	2048
1844	EN	1888256	2048
1845	TL	1888256	2048
1846	EN	1890304	2048
1847	TL	1890304	2048
1848	EN	1892352	2048
1849	TL	1892352	2048
1850	EN	1894400	2048
1851	TL	1894400	2048
1852	EN	1896448	2048
1853	TL	1896448	2048
1854	EN	1898496	2048
1855	TL	1898496	2048
1856	EN	1900544	2048
1857	TL	1900544	2048
1858	EN	1902592	2048
1859	TL	1902592	2048
1860	EN	1904640	2048
1861	TL	1904640	2048
1862	EN	1906688	2048
1863	TL	1906688	2048
1864	EN	1908736	2048
1865	TL	1908736	2048
1866	EN	1910784	2048
1867	TL	1910784	2048
1868	EN	1912832	2048
1869	TL	1912832	2048
1870	EN	1914880	2048
1871	TL	1914880	2048
1872	EN	1916928	2048
1873	TL	1916928	2048
1874	EN	1918976	2048
1875	TL	1918976	2048
1876	EN	1921024	2048
1877	TL	1921024	2048
1878	EN	1923072	2048
1879	TL	1923072	2048
1880	EN	1925120	2048
1881	TL	1925120	2048
1882	EN	1927168	2048
1883	TL	1927168	2048
1884	EN	1929216	2048
1885	TL	1929216	2048
1886	EN	1931264	2048
1887	TL	1931264	2048
1888	EN	1933312	2048
1889	TL	1933312	2048
1890	EN	1935360	2048
1891	TL	1935360	2048
1892	EN	1937408	2048
1893	TL	1937408	2048
1894	EN	1939456	2048
1895	TL	1939456	2048
1896	EN	1941504	2048
1897	TL	1941504	2048
1898	EN	1943552	2048
1899	TL	1943552	2048
1900	EN	1945600	2048
1901	TL	1945600	2048
1902	EN	1947648	2048
1903	TL	1947648	2048
1904	EN	1949696	2048
1905	TL	1949696	2048
1906	EN	1951744	2048
1907	TL	1951744	2048
1908	EN	1953792	2048
1909	TL	1953792	2048
1910	EN	1955840	2048
1911	TL	1955840	2048
1912	EN	1957888	2048
1913	TL	1957888	2048
1914	EN	1959936	2048
1915	TL	1959936	2048
1916	EN	1961984	2048
1917	TL	1961984	2048
1918	EN	1964032	2048
1919	TL	1964032	2048
1920	EN	1966080	2048
1921	TL	1966080	2048
1922	EN	1968128	2048
1923	TL	1968128	2048
1924	EN	1970176	2048
1925	TL	1970176	2048
1926	EN	1972224	2048
1927	TL	1972224	2048
1928	EN	1974272	2048
1929	TL	1974272	2048
1930	EN	1976320	2048
1931	TL	1976320	2048
1932	EN	1978368	2048
1933	TL	1978368	2048
1934	EN	1980416	2048
1935	TL	1980416	2048
1936	EN	1982464	2048
1937	TL	1982464	2048
1938	EN	1984512	2048
1939	TL	1984512	2048
1940	EN	1986560	2048
1941	TL	1986560	2048
1942	EN	1988608	2048
1943	TL	1988608	2048
1944	EN	1990656	2048
1945	TL	1990656	2048
1946	EN	1992704	2048
1947	TL	1992704	2048
1948	EN	1994752	2048
1949	TL	1994752	2048
1950	EN	1996800	2048
1951	TL	1996800	2048
1952	EN	1998848	2048
1953	TL	1998848	2048
1954	EN	2000896	2048
1955	TL	2000896	2048
1956	EN	2002944	2048
1957	TL	2002944	2048
1958	EN	2004992	2048
1959	TL	2004992	2048
1960	EN	2007040	2048
1961	TL	2007040	2048
1962	EN	2009088	2048
1963	TL	2009088	2048
1964	EN	2011136	2048
1965	TL	2011136	2048
1966	EN	2013184	2048
1967	TL	2013184	2048
1968	EN	2015232	2048
1969	TL	2015232	2048
1970	EN	2017280	2048
1971	TL	2017280	2048
1972	EN	2019328	2048
1973	TL	2019328	2048
1974	EN	2021376	2048
1975	TL	2021376	2048
1976	EN	2023424	2048
1977	TL	2023424	2048
1978	EN	2025472	2048
1979	TL	2025472	2048
1980	EN	2027520	2048
1981	TL	2027520	2048
1982	EN	2029568	2048
1983	TL	2029568	2048
1984	EN	2031616	2048
1985	TL	2031616	2048
1986	EN	2033664	2048
1987	TL	2033664	2048
1988	EN	2035712	2048
1989	TL	2035712	2048
1990	EN	2037760	2048
1991	TL	2037760	2048
1992	EN	2039808	2048
1993	TL	2039808	2048
1994	EN	2041856	2048
1995	TL	2041856	2048
1996	EN	2043904	2048
1997	TL	2043904	2048
1998	EN	2045952	2048
1999	TL	2045952	2048
2000	EN	2048000	2048
2001	TL	2048000	2048
2002	EN	2050048	2048
2003	TL	2050048	2048
2004	EN	2052096	2048
2005	TL	2052096	2048
2006	EN	2054144	2048
2007	TL	2054144	2048
2008	EN	2056192	2048
2009	TL	2056192	2048
2010	EN	2058240	2048
2011	TL	2058240	2048
2012	EN	2060288	2048
2013	TL	2060288	2048
2014	EN	2062336	2048
2015	TL	2062336	2048
2016	EN	2064384	2048
2017	TL	2064384	2048
2018	EN	2066432	2048
2019	TL	2066432	2048
2020	EN	2068480	2048
2021	TL	2068480	2048
2022	EN	2070528	2048
2023	TL	2070528	2048
2024	EN	2072576	2048
2025	TL	2072576	2048
2026	EN	2074624	2048
2027	TL	2074624	2048
2028	EN	2076672	2048
2029	TL	2076672	2048
2030	EN	2078720	2048
2031	TL	2078720	2048
2032	EN	2080768	2048
2033	TL	2080768	2048
2034	EN	2082816	2048
2035	TL	2082816	2048
2036	EN	2084864	2048
2037	TL	2084864	2048
2038	EN	2086912	2048
2039	TL	2086912	2048
2040	EN	2088960	2048
2041	TL	2088960	2048
2042	EN	2091008	2048
2043	TL	2091008	2048
2044	EN	2093056	2048
2045	TL	2093056	2048
2046	EN	2095104	2048
2047	TL	2095104	2048
2048	EN	2097152	2048
2049	TL	2097152	2048
2050	EN	2099200	2048
2051	TL	2099200	2048
2052	EN	2101248	2048
2053	TL	2101248	2048
2054	EN	2103296	2048
2055	TL	2103296	2048
2056	EN	2105344	2048
2057	TL	2105344	2048
2058	EN	2107392	2048
2059	TL	2107392	2048
2060	EN	2109440	2048
2061	TL	2109440	2048
2062	EN	2111488	2048
2063	TL	2111488	2048
2064	EN	2113536	2048
2065	TL	2113536	2048
2066	EN	2115584	2048
2067	TL	2115584	2048
2068	EN	2117632	2048
2069	TL	2117632	2048
2070	EN	2119680	2048
2071	TL	2119680	2048
2072	EN	2121728	2048
2073	TL	2121728	2048
2074	EN	2123776	2048
2075	TL	2123776	2048
2076	EN	2125824	2048
2077	TL	2125824	2048
2078	EN	2127872	2048
2079	TL	2127872	2048
2080	EN	2129920	2048
2081	TL	2129920	2048
2082	EN	2131968	2048
2083	TL	2131968	2048
2084	EN	2134016	2048
2085	TL	2134016	2048
2086	EN	2136064	2048
2087	TL	2136064	2048
2088	EN	2138112	2048
2089	TL	2138112	2048
2090	EN	2140160	2048
2091	TL	2140160	2048
2092	EN	2142208	2048
2093	TL	2142208	2048
2094	EN	2144256	2048
2095	TL	2144256	2048
2096	EN	2146304	2048
2097	TL	2146304	2048
2098	EN	2148352	2048
2099	TL	2148352	2048
2100	EN	2150400	2048
2101	TL	2150400	2048
2102	EN	2152448	2048
2103	TL	2152448	2048
2104	EN	2154496	2048
2105	TL	2154496	2048
2106	EN	2156544	2048
2107	TL	2156544	2048
2108	EN	2158592	2048
2109	TL	2158592	2048
2110	EN	2160640	2048
2111	TL	2160640	2048
2112	EN	2162688	2048
2113	TL	2162688	2048
2114	EN	2164736	2048
2115	TL	2164736	2048
2116	EN	2166784	2048
2117	TL	2166784	2048
2118	EN	2168832	2048
2119	TL	2168832	2048
2120	EN	2170880	2048
2121	TL	2170880	2048
2122	EN	2172928	2048
2123	TL	2172928	2048
2124	EN	2174976	2048
2125	TL	2174976	2048
2126	EN	2177024	2048
2127	TL	2177024	2048
2128	EN	2179072	2048
2129	TL	2179072	2048
2130	EN	2181120	2048
2131	TL	2181120	2048
2132	EN	2183168	2048
2133	TL	2183168	2048
2134	EN	2185216	2048
2135	TL	2185216	2048
2136	EN	2187264	2048
2137	TL	2187264	2048
2138	EN	2189312	2048
2139	TL	2189312	2048
2140	EN	2191360	2048
2141	TL	2191360	2048
2142	EN	2193408	2048
2143	TL	2193408	2048
2144	EN	2195456	2048
2145	TL	2195456	2048
2146	EN	2197504	2048
2147	TL	2197504	2048
2148	EN	2199552	2048
2149	TL	2199552	2048
2150	EN	2201600	2048
2151	TL	2201600	2048
2152	EN	2203648	2048
2153	TL	2203648	2048
2154	EN	2205696	2048
2155	TL	2205696	2048
2156	EN	2207744	2048
2157	TL	2207744	2048
2158	EN	2209792	2048
2159	TL	2209792	2048
2160	EN	2211840	2048
2161	TL	2211840	2048
2162	EN	2213888	2048
2163	TL	2213888	2048
2164	EN	2215936	2048
2165	TL	2215936	2048
2166	EN	2217984	2048
2167	TL	2217984	2048
2168	EN	2220032	2048
2169	TL	2220032	2048
2170	EN	2222080	2048
2171	TL	2222080	2048
2172	EN	2224128	2048
2173	TL	2224128	2048
2174	EN	2226176	2048
2175	TL	2226176	2048
2176	EN	2228224	2048
2177	TL	2228224	2048
2178	EN	2230272	2048
2179	TL	2230272	2048
2180	EN	2232320	2048
2181	TL	2232320	2048
2182	EN	2234368	2048
2183	TL	2234368	2048
2184	EN	2236416	2048
2185	TL	2236416	2048
2186	EN	2238464	2048
2187	TL	2238464	2048
2188	EN	2240512	2048
2189	TL	2240512	2048
2190	EN	2242560	2048
2191	TL	2242560	2048
2192	EN	2244608	2048
2193	TL	2244608	2048
2194	EN	2246656	2048
2195	TL	2246656	2048
2196	EN	2248704	2048
2197	TL	2248704	2048
2198	EN	2250752	2048
2199	TL	2250752	2048
2200	EN	2252800	2048
2201	TL	2252800	2048
2202	EN	2254848	2048
2203	TL	2254848	2048
2204	EN	2256896	2048
2205	TL	2256896	2048
2206	EN	2258944	2048
2207	TL	2258944	2048
2208	EN	2260992	2048
2209	TL	2260992	2048
2210	EN	2263040	2048
2211	TL	2263040	2048
2212	EN	2265088	2048
2213	TL	2265088	2048
2214	EN	2267136	2048
2215	TL	2267136	2048
2216	EN	2269184	2048
2217	TL	2269184	2048
2218	EN	2271232	2048
2219	TL	2271232	2048
2220	EN	2273280	2048
2221	TL	2273280	2048
2222	EN	2275328	2048
2223	TL	2275328	2048
2224	EN	2277376	2048
2225	TL	2277376	2048
2226	EN	2279424	2048
2227	TL	2279424	2048
2228	EN	2281472	2048
2229	TL	2281472	2048
2230	EN	2283520	2048
2231	TL	2283520	2048
2232	EN	2285568	2048
2233	TL	2285568	2048
2234	EN	2287616	2048
2235	TL	2287616	2048
2236	EN	2289664	2048
2237	TL	2289664	2048
2238	EN	2291712	2048
2239	TL	2291712	2048
2240	EN	2293760	2048
2241	TL	2293760	2048
2242	EN	2295808	2048
2243	TL	2295808	2048
2244	EN	2297856	2048
2245	TL	2297856	2048
2246	EN	2299904	2048
2247	TL	2299904	2048
2248	EN	2301952	2048
2249	TL	2301952	2048
2250	EN	2304000	2048
2251	TL	2304000	2048
2252	EN	2306048	2048
2253	TL	2306048	2048
2254	EN	2308096	2048
2255	TL	2308096	2048
2256	EN	2310144	2048
2257	TL	2310144	2048
2258	EN	2312192	2048
2259	TL	2312192	2048
2260	EN	2314240	2048
2261	TL	2314240	2048
2262	EN	2316288	2048
2263	TL	2316288	2048
2264	EN	2318336	2048
2265	TL	2318336	2048
2266	EN	2320384	2048
2267	TL	2320384	2048
2268	EN	2322432	2048
2269	TL	2322432	2048
2270	EN	2324480	2048
2271	TL	2324480	2048
2272	EN	2326528	2048
2273	TL	2326528	2048
2274	EN	2328576	2048
2275	TL	2328576	2048
2276	EN	2330624	2048
2277	TL	2330624	2048
2278	EN	2332672	2048
2279	TL	2332672	2048
2280	EN	2334720	2048
2281	TL	2334720	2048
2282	EN	2336768	2048
2283	TL	2336768	2048
2284	EN	2338816	2048
2285	TL	2338816	2048
2286	EN	2340864	2048
2287	TL	2340864	2048
2288	EN	2342912	2048
2289	TL	2342912	2048
2290	EN	2344960	2048
2291	TL	2344960	2048
2292	EN	2347008	2048
2293	TL	2347008	2048
2294	EN	2349056	2048
2295	TL	2349056	2048
2296	EN	2351104	2048
2297	TL	2351104	2048
2298	EN	2353152	2048
2299	TL	2353152	2048
2300	EN	2355200	2048
2301	TL	2355200	2048
2302	EN	2357248	2048
2303	TL	2357248	2048
2304	EN	2359296	2048
2305	TL	2359296	2048
2306	EN	2361344	2048
2307	TL	2361344	2048
2308	EN	2363392	2048
2309	TL	2363392	2048
2310	EN	2365440	2048
2311	TL	2365440	2048
2312	EN	2367488	2048
2313	TL	2367488	2048
2314	EN	2369536	2048
2315	TL	2369536	2048
2316	EN	2371584	2048
2317	TL	2371584	2048
2318	EN	2373632	2048
2319	TL	2373632	2048
2320	EN	2375680	2048
2321	TL	2375680	2048
2322	EN	2377728	2048
2323	TL	2377728	2048
2324	EN	2379776	2048
2325	TL	2379776	2048
2326	EN	2381824	2048
2327	TL	2381824	2048
2328	EN	2383872	2048
2329	TL	2383872	2048
2330	EN	2385920	2048
2331	TL	2385920	2048
2332	EN	2387968	2048
2333	TL	2387968	2048
2334	EN	2390016	2048
2335	TL	2390016	2048
2336	EN	2392064	2048
2337	TL	2392064	2048
2338	EN	2394112	2048
2339	TL	2394112	2048
2340	EN	2396160	2048
2341	TL	2396160	2048
2342	EN	2398208	2048
2343	TL	2398208	2048
2344	EN	2400256	2048
2345	TL	2400256	2048
2346	EN	2402304	2048
2347	TL	2402304	2048
2348	EN	2404352	2048
2349	TL	2404352	2048
2350	EN	2406400	2048
2351	TL	2406400	2048
2352	EN	2408448	2048
2353	TL	2408448	2048
2354	EN	2410496	2048
2355	TL	2410496	2048
2356	EN	2412544	2048
2357	TL	2412544	2048
2358	EN	2414592	2048
2359	TL	2414592	2048
2360	EN	2416640	2048
2361	TL	2416640	2048
2362	EN	2418688	2048
2363	TL	2418688	2048
2364	EN	2420736	2048
2365	TL	2420736	2048
2366	EN	2422784	2048
2367	TL	2422784	2048
2368	EN	2424832	2048
2369	TL	2424832	2048
2370	EN	2426880	2048
2371	TL	2426880	2048
2372	EN	2428928	2048
2373	TL	2428928	2048
2374	EN	2430976	2048
2375	TL	2430976	2048
2376	EN	2433024	2048
2377	TL	2433024	2048
2378	EN	2435072	2048
2379	TL	2435072	2048
2380	EN	2437120	2048
2381	TL	2437120	2048
2382	EN	2439168	2048
2383	TL	2439168	2048
2384	EN	2441216	2048
2385	TL	2441216	2048
2386	EN	2443264	2048
2387	TL	2443264	2048
2388	EN	2445312	2048
2389	TL	2445312	2048
2390	EN	2447360	2048
2391	TL	2447360	2048
2392	EN	2449408	2048
2393	TL	2449408	2048
2394	EN	2451456	2048
2395	TL	2451456	2048
2396	EN	2453504	2048
2397	TL	2453504	2048
2398	EN	2455552	2048
2399	TL	2455552	2048
2400	EN	2457600	2048
2401	TL	2457600	2048
2402	EN	2459648	2048
2403	TL	2459648	2048
2404	EN	2461696	2048
2405	TL	2461696	2048
2406	EN	2463744	2048
2407	TL	2463744	2048
2408	EN	2465792	2048
2409	TL	2465792	2048
2410	EN	2467840	2048
2411	TL	2467840	2048
2412	EN	2469888	2048
2413	TL	2469888	2048
2414	EN	2471936	2048
2415	TL	2471936	2048
2416	EN	2473984	2048
2417	TL	2473984	2048
2418	EN	2476032	2048
2419	TL	2476032	2048
2420	EN	2478080	2048
2421	TL	2478080	2048
2422	EN	2480128	2048
2423	TL	2480128	2048
2424	EN	2482176	2048
2425	TL	2482176	2048
2426	EN	2484224	2048
2427	TL	2484224	2048
2428	EN	2486272	2048
2429	TL	2486272	2048
2430	EN	2488320	2048
2431	TL	2488320	2048
2432	EN	2490368	2048
2433	TL	2490368	2048
2434	EN	2492416	2048
2435	TL	2492416	2048
2436	EN	2494464	2048
2437	TL	2494464	2048
2438	EN	2496512	2048
2439	TL	2496512	2048
2440	EN	2498560	2048
2441	TL	2498560	2048
2442	EN	2500608	2048
2443	TL	2500608	2048
2444	EN	2502656	2048
2445	TL	2502656	2048
2446	EN	2504704	2048
2447	TL	2504704	2048
2448	EN	2506752	2048
2449	TL	2506752	2048
2450	EN	2508800	2048
2451	TL	2508800	2048
2452	EN	2510848	2048
2453	TL	2510848	2048
2454	EN	2512896	2048
2455	TL	2512896	2048
2456	EN	2514944	2048
2457	TL	2514944	2048
2458	EN	2516992	2048
2459	TL	2516992	2048
2460	EN	2519040	2048
2461	TL	2519040	2048
2462	EN	2521088	2048
2463	TL	2521088	2048
2464	EN	2523136	2048
2465	TL	2523136	2048
2466	EN	2525184	2048
2467	TL	2525184	2048
2468	EN	2527232	2048
2469	TL	2527232	2048
2470	EN	2529280	2048
2471	TL	2529280	2048
2472	EN	2531328	2048
2473	TL	2531328	2048
2474	EN	2533376	2048
2475	TL	2533376	2048
2476	EN	2535424	2048
2477	TL	2535424	2048
2478	EN	2537472	2048
2479	TL	2537472	2048
2480	EN	2539520	2048
2481	TL	2539520	2048
2482	EN	2541568	2048
2483	TL	2541568	2048
2484	EN	2543616	2048
2485	TL	2543616	2048
2486	EN	2545664	2048
2487	TL	2545664	2048
2488	EN	2547712	2048
2489	TL	2547712	2048
2490	EN	2549760	2048
2491	TL	2549760	2048
2492	EN	2551808	2048
2493	TL	2551808	2048
2494	EN	2553856	2048
2495	TL	2553856	2048
2496	EN	2555904	2048
2497	TL	2555904	2048
2498	EN	2557952	2048
2499	TL	2557952	2048
2500	EN	2560000	2048
2501	TL	2560000	2048
2502	EN	2562048	2048
2503	TL	2562048	2048
2504	EN	2564096	2048
2505	TL	2564096	2048
2506	EN	2566144	2048
2507	TL	2566144	2048
2508	EN	2568192	2048
2509	TL	2568192	2048
2510	EN	2570240	2048
2511	TL	2570240	2048
2512	EN	2572288	2048
2513	TL	2572288	2048
2514	EN	2574336	2048
2515	TL	2574336	2048
2516	EN	2576384	2048
2517	TL	2576384	2048
2518	EN	2578432	2048
2519	TL	2578432	2048
2520	EN	2580480	2048
2521	TL	2580480	2048
2522	EN	2582528	2048
2523	TL	2582528	2048
2524	EN	2584576	2048
2525	TL	2584576	2048
2526	EN	2586624	2048
2527	TL	2586624	2048
2528	EN	2588672	2048
2529	TL	2588672	2048
2530	EN	2590720	2048
2531	TL	2590720	2048
2532	EN	2592768	2048
2533	TL	2592768	2048
2534	EN	2594816	2048
2535	TL	2594816	2048
2536	EN	2596864	2048
2537	TL	2596864	2048
2538	EN	2598912	2048
2539	TL	2598912	2048
2540	EN	2600960	2048
2541	TL	2600960	2048
2542	EN	2603008	2048
2543	TL	2603008	2048
2544	EN	2605056	2048
2545	TL	2605056	2048
2546	EN	2607104	2048
2547	TL	2607104	2048
2548	EN	2609152	2048
2549	TL	2609152	2048
2550	EN	2611200	2048
2551	TL	2611200	2048
2552	EN	2613248	2048
2553	TL	2613248	2048
2554	EN	2615296	2048
2555	TL	2615296	2048
2556	EN	2617344	2048
2557	TL	2617344	2048
2558	EN	2619392	2048
2559	TL	2619392	2048
2560	EN	2621440	2048
2561	TL	2621440	2048
2562	EN	2623488	2048
2563	TL	2623488	2048
2564	EN	2625536	2048
2565	TL	2625536	2048
2566	EN	2627584	2048
2567	TL	2627584	2048
2568	EN	2629632	2048
2569	TL	2629632	2048
2570	EN	2631680	2048
2571	TL	2631680	2048
2572	EN	2633728	2048
2573	TL	2633728	2048
2574	EN	2635776	2048
2575	TL	2635776	2048
2576	EN	2637824	2048
2577	TL	2637824	2048
2578	EN	2639872	2048
2579	TL	2639872	2048
2580	EN	2641920	2048
2581	TL	2641920	2048
2582	EN	2643968	2048
2583	TL	2643968	2048
2584	EN	2646016	2048
2585	TL	2646016	2048
2586	EN	2648064	2048
2587	TL	2648064	2048
2588	EN	2650112	2048
2589	TL	2650112	2048
2590	EN	2652160	2048
2591	TL	2652160	2048
2592	EN	2654208	2048
2593	TL	2654208	2048
2594	EN	2656256	2048
2595	TL	2656256	2048
2596	EN	2658304	2048
2597	TL	2658304	2048
2598	EN	2660352	2048
2599	TL	2660352	2048
2600	EN	2662400	2048
2601	TL	2662400	2048
2602	EN	2664448	2048
2603	TL	2664448	2048
2604	EN	2666496	2048
2605	TL	2666496	2048
2606	EN	2668544	2048
2607	TL	2668544	2048
2608	EN	2670592	2048
2609	TL	2670592	2048
2610	EN	2672640	2048
2611	TL	2672640	2048
2612	EN	2674688	2048
2613	TL	2674688	2048
2614	EN	2676736	2048
2615	TL	2676736	2048
2616	EN	2678784	2048
2617	TL	2678784	2048
2618	EN	2680832	2048
2619	TL	2680832	2048
2620	EN	2682880	2048
2621	TL	2682880	2048
2622	EN	2684928	2048
2623	TL	2684928	2048
2624	EN	2686976	2048
2625	TL	2686976	2048
2626	EN	2689024	2048
2627	TL	2689024	2048
2628	EN	2691072	2048
2629	TL	2691072	2048
2630	EN	2693120	2048
2631	TL	2693120	2048
2632	EN	2695168	2048
2633	TL	2695168	2048
2634	EN	2697216	2048
2635	TL	2697216	2048
2636	EN	2699264	2048
2637	TL	2699264	2048
2638	EN	2701312	2048
2639	TL	2701312	2048
2640	EN	2703360	2048
2641	TL	2703360	2048
2642	EN	2705408	2048
2643	TL	2705408	2048
2644	EN	2707456	2048
2645	TL	2707456	2048
2646	EN	2709504	2048
2647	TL	2709504	2048
2648	EN	2711552	2048
2649	TL	2711552	2048
2650	EN	2713600	2048
2651	TL	2713600	2048
2652	EN	2715648	2048
2653	TL	2715648	2048
2654	EN	2717696	2048
2655	TL	2717696	2048
2656	EN	2719744	2048
2657	TL	2719744	2048
2658	EN	2721792	2048
2659	TL	2721792	2048
2660	EN	2723840	2048
2661	TL	2723840	2048
2662	EN	2725888	2048
2663	TL	2725888	2048
2664	EN	2727936	2048
2665	TL	2727936	2048
2666	EN	2729984	2048
2667	TL	2729984	2048
2668	EN	2732032	2048
2669	TL	2732032	2048
2670	EN	2734080	2048
2671	TL	2734080	2048
2672	EN	2736128	2048
2673	TL	2736128	2048
2674	EN	2738176	2048
2675	TL	2738176	2048
2676	EN	2740224	2048
2677	TL	2740224	2048
2678	EN	2742272	2048
2679	TL	2742272	2048
2680	EN	2744320	2048
2681	TL	2744320	2048
2682	EN	2746368	2048
2683	TL	2746368	2048
2684	EN	2748416	2048
2685	TL	2748416	2048
2686	EN	2750464	2048
2687	TL	2750464	2048
2688	EN	2752512	2048
2689	TL	2752512	2048
2690	EN	2754560	2048
2691	TL	2754560	2048
2692	EN	2756608	2048
2693	TL	2756608	2048
2694	EN	2758656	2048
2695	TL	2758656	2048
2696	EN	2760704	2048
2697	TL	2760704	2048
2698	EN	2762752	2048
2699	TL	2762752	2048
2700	EN	2764800	2048
2701	TL	2764800	2048
2702	EN	2766848	2048
2703	TL	2766848	2048
2704	EN	2768896	2048
2705	TL	2768896	2048
2706	EN	2770944	2048
2707	TL	2770944	2048
2708	EN	2772992	2048
2709	TL	2772992	2048
2710	EN	2775040	2048
2711	TL	2775040	2048
2712	EN	2777088	2048
2713	TL	2777088	2048
2714	EN	2779136	2048
2715	TL	2779136	2048
2716	EN	2781184	2048
2717	TL	2781184	2048
2718	EN	2783232	2048
2719	TL	2783232	2048
2720	EN	2785280	2048
2721	TL	2785280	2048
2722	EN	2787328	2048
2723	TL	2787328	2048
2724	EN	2789376	2048
2725	TL	2789376	2048
2726	EN	2791424	2048
2727	TL	2791424	2048
2728	EN	2793472	2048
2729	TL	2793472	2048
2730	EN	2795520	2048
2731	TL	2795520	2048
2732	EN	2797568	2048
2733	TL	2797568	2048
2734	EN	2799616	2048
2735	TL	2799616	2048
2736	EN	2801664	2048
2737	TL	2801664	2048
2738	EN	2803712	2048
2739	TL	2803712	2048
2740	EN	2805760	2048
2741	TL	2805760	2048
2742	EN	2807808	2048
2743	TL	2807808	2048
2744	EN	2809856	2048
2745	TL	2809856	2048
2746	EN	2811904	2048
2747	TL	2811904	2048
2748	EN	2813952	2048
2749	TL	2813952	2048
2750	EN	2816000	2048
2751	TL	2816000	2048
2752	EN	2818048	2048
2753	TL	2818048	2048
2754	EN	2820096	2048
2755	TL	2820096	2048
2756	EN	2822144	2048
2757	TL	2822144	2048
2758	EN	2824192	2048
2759	TL	2824192	2048
2760	EN	2826240	2048
2761	TL	2826240	2048
2762	EN	2828288	2048
2763	TL	2828288	2048
2764	EN	2830336	2048
2765	TL	2830336	2048
2766	EN	2832384	2048
2767	TL	2832384	2048
2768	EN	2834432	2048
2769	TL	2834432	2048
2770	EN	2836480	2048
2771	TL	2836480	2048
2772	EN	2838528	2048
2773	TL	2838528	2048
2774	EN	2840576	2048
2775	TL	2840576	2048
2776	EN	2842624	2048
2777	TL	2842624	2048
2778	EN	2844672	2048
2779	TL	2844672	2048
2780	EN	2846720	2048
2781	TL	2846720	2048
2782	EN	2848768	2048
2783	TL	2848768	2048
2784	EN	2850816	2048
2785	TL	2850816	2048
2786	EN	2852864	2048
2787	TL	2852864	2048
2788	EN	2854912	2048
2789	TL	2854912	2048
2790	EN	2856960	2048
2791	TL	2856960	2048
2792	EN	2859008	2048
2793	TL	2859008	2048
2794	EN	2861056	2048
2795	TL	2861056	2048
2796	EN	2863104	2048
2797	TL	2863104	2048
2798	EN	2865152	2048
2799	TL	2865152	2048
2800	EN	2867200	2048
2801	TL	2867200	2048
2802	EN	2869248	2048
2803	TL	2869248	2048
2804	EN	2871296	2048
2805	TL	2871296	2048
2806	EN	2873344	2048
2807	TL	2873344	2048
2808	EN	2875392	2048
2809	TL	2875392	2048
2810	EN	2877440	2048
2811	TL	2877440	2048
2812	EN	2879488	2048
2813	TL	2879488	2048
2814	EN	2881536	2048
2815	TL	2881536	2048
2816	EN	2883584	2048
2817	TL	2883584	2048
2818	EN	2885632	2048
2819	TL	2885632	2048
2820	EN	2887680	2048
2821	TL	2887680	2048
2822	EN	2889728	2048
2823	TL	2889728	2048
2824	EN	2891776	2048
2825	TL	2891776	2048
2826	EN	2893824	2048
2827	TL	2893824	2048
2828	EN	2895872	2048
2829	TL	2895872	2048
2830	EN	2897920	2048
2831	TL	2897920	2048
2832	EN	2899968	2048
2833	TL	2899968	2048
2834	EN	2902016	2048
2835	TL	2902016	2048
2836	EN	2904064	2048
2837	TL	2904064	2048
2838	EN	2906112	2048
2839	TL	2906112	2048
2840	EN	2908160	2048
2841	TL	2908160	2048
2842	EN	2910208	2048
2843	TL	2910208	2048
2844	EN	2912256	2048
2845	TL	2912256	2048
2846	EN	2914304	2048
2847	TL	2914304	2048
2848	EN	2916352	2048
2849	TL	2916352	2048
2850	EN	2918400	2048
2851	TL	2918400	2048
2852	EN	2920448	2048
2853	TL	2920448	2048
2854	EN	2922496	2048
2855	TL	2922496	2048
2856	EN	2924544	2048
2857	TL	2924544	2048
2858	EN	2926592	2048
2859	TL	2926592	2048
2860	EN	2928640	2048
2861	TL	2928640	2048
2862	EN	2930688	2048
2863	TL	2930688	2048
2864	EN	2932736	2048
2865	TL	2932736	2048
2866	EN	2934784	2048
2867	TL	2934784	2048
2868	EN	2936832	2048
2869	TL	2936832	2048
2870	EN	2938880	2048
2871	TL	2938880	2048
2872	EN	2940928	2048
2873	TL	2940928	2048
2874	EN	2942976	2048
2875	TL	2942976	2048
2876	EN	2945024	2048
2877	TL	2945024	2048
2878	EN	2947072	2048
2879	TL	2947072	2048
2880	EN	2949120	2048
2881	TL	2949120	2048
2882	EN	2951168	2048
2883	TL	2951168	2048
2884	EN	2953216	2048
2885	TL	2953216	2048
2886	EN	2955264	2048
2887	TL	2955264	2048
2888	EN	2957312	2048
2889	TL	2957312	2048
2890	EN	2959360	2048
2891	TL	2959360	2048
2892	EN	2961408	2048
2893	TL	2961408	2048
2894	EN	2963456	2048
2895	TL	2963456	2048
2896	EN	2965504	2048
2897	TL	2965504	2048
2898	EN	2967552	2048
2899	TL	2967552	2048
2900	EN	2969600	2048
2901	TL	2969600	2048
2902	EN	2971648	2048
2903	TL	2971648	2048
2904	EN	2973696	2048
2905	TL	2973696	2048
2906	EN	2975744	2048
2907	TL	2975744	2048
2908	EN	2977792	2048
2909	TL	2977792	2048
2910	EN	2979840	2048
2911	TL	2979840	2048
2912	EN	2981888	2048
2913	TL	2981888	2048
2914	EN	2983936	2048
2915	TL	2983936	2048
2916	EN	2985984	2048
2917	TL	2985984	2048
2918	EN	2988032	2048
2919	TL	2988032	2048
2920	EN	2990080	2048
2921	TL	2990080	2048
2922	EN	2992128	2048
2923	TL	2992128	2048
2924	EN	2994176	2048
2925	TL	2994176	2048
2926	EN	2996224	2048
2927	TL	2996224	2048
2928	EN	2998272	2048
2929	TL	2998272	2048
2930	EN	3000320	2048
2931	TL	3000320	2048
2932	EN	3002368	2048
2933	TL	3002368	2048
2934	EN	3004416	2048
2935	TL	3004416	2048
2936	EN	3006464	2048
2937	TL	3006464	2048
2938	EN	3008512	2048
2939	TL	3008512	2048
2940	EN	3010560	2048
2941	TL	3010560	2048
2942	EN	3012608	2048
2943	TL	3012608	2048
2944	EN	3014656	2048
2945	TL	3014656	2048
2946	EN	3016704	2048
2947	TL	3016704	2048
2948	EN	3018752	2048
2949	TL	3018752	2048
2950	EN	3020800	2048
2951	TL	3020800	2048
2952	EN	3022848	2048
2953	TL	3022848	2048
2954	EN	3024896	2048
2955	TL	3024896	2048
2956	EN	3026944	2048
2957	TL	3026944	2048
2958	EN	3028992	2048
2959	TL	3028992	2048
2960	EN	3031040	2048
2961	TL	3031040	2048
2962	EN	3033088	2048
2963	TL	3033088	2048
2964	EN	3035136	2048
2965	TL	3035136	2048
2966	EN	3037184	2048
2967	TL	3037184	2048
2968	EN	3039232	2048
2969	TL	3039232	2048
2970	EN	3041280	2048
2971	TL	3041280	2048
2972	EN	3043328	2048
2973	TL	3043328	2048
2974	EN	3045376	2048
2975	TL	3045376	2048
2976	EN	3047424	2048
2977	TL	3047424	2048
2978	EN	3049472	2048
2979	TL	3049472	2048
2980	EN	3051520	2048
2981	TL	3051520	2048
2982	EN	3053568	2048
2983	TL	3053568	2048
2984	EN	3055616	2048
2985	TL	3055616	2048
2986	EN	3057664	2048
2987	TL	3057664	2048
2988	EN	3059712	2048
2989	TL	3059712	2048
2990	EN	3061760	2048
2991	TL	3061760	2048
2992	EN	3063808	2048
2993	TL	3063808	2048
2994	EN	3065856	2048
2995	TL	3065856	2048
2996	EN	3067904	2048
2997	TL	3067904	2048
2998	EN	3069952	2048
2999	TL	3069952	2048
3000	EN	3072000	2048
3001	TL	3072000	2048
3002	EN	3074048	2048
3003	TL	3074048	2048
3004	EN	3076096	2048
3005	TL	3076096	2048
3006	EN	3078144	2048
3007	TL	3078144	2048
3008	EN	3080192	2048
3009	TL	3080192	2048
3010	EN	3082240	2048
3011	TL	3082240	2048
3012	EN	3084288	2048
3013	TL	3084288	2048
3014	EN	3086336	2048
3015	TL	3086336	2048
3016	EN	3088384	2048
3017	TL	3088384	2048
3018	EN	3090432	2048
3019	TL	3090432	2048
3020	EN	3092480	2048
3021	TL	3092480	2048
3022	EN	3094528	2048
3023	TL	3094528	2048
3024	EN	3096576	2048
3025	TL	3096576	2048
3026	EN	3098624	2048
3027	TL	3098624	2048
3028	EN	3100672	2048
3029	TL	3100672	2048
3030	EN	3102720	2048
3031	TL	3102720	2048
3032	EN	3104768	2048
3033	TL	3104768	2048
3034	EN	3106816	2048
3035	TL	3106816	2048
3036	EN	3108864	2048
3037	TL	3108864	2048
3038	EN	3110912	2048
3039	TL	3110912	2048
3040	EN	3112960	2048
3041	TL	3112960	2048
3042	EN	3115008	2048
3043	TL	3115008	2048
3044	EN	3117056	2048
3045	TL	3117056	2048
3046	EN	3119104	2048
3047	TL	3119104	2048
3048	EN	3121152	2048
3049	TL	3121152	2048
3050	EN	3123200	2048
3051	TL	3123200	2048
3052	EN	3125248	2048
3053	TL	3125248	2048
3054	EN	3127296	2048
3055	TL	3127296	2048
3056	EN	3129344	2048
3057	TL	3129344	2048
3058	EN	3131392	2048
3059	TL	3131392	2048
3060	EN	3133440	2048
3061	TL	3133440	2048
3062	EN	3135488	2048
3063	TL	3135488	2048
3064	EN	3137536	2048
3065	TL	3137536	2048
3066	EN	3139584	2048
3067	TL	3139584	2048
3068	EN	3141632	2048
3069	TL	3141632	2048
3070	EN	3143680	2048
3071	TL	3143680	2048
3072	EN	3145728	2048
3073	TL	3145728	2048
3074	EN	3147776	2048
3075	TL	3147776	2048
3076	EN	3149824	2048
3077	TL	3149824	2048
3078	EN	3151872	2048
3079	TL	3151872	2048
3080	EN	3153920	2048
3081	TL	3153920	2048
3082	EN	3155968	2048
3083	TL	3155968	2048
3084	EN	3158016	2048
3085	TL	3158016	2048
3086	EN	3160064	2048
3087	TL	3160064	2048
3088	EN	3162112	2048
3089	TL	3162112	2048
3090	EN	3164160	2048
3091	TL	3164160	2048
3092	EN	3166208	2048
3093	TL	3166208	2048
3094	EN	3168256	2048
3095	TL	3168256	2048
3096	EN	3170304	2048
3097	TL	3170304	2048
3098	EN	3172352	2048
3099	TL	3172352	2048
3100	EN	3174400	2048
3101	TL	3174400	2048
3102	EN	3176448	2048
3103	TL	3176448	2048
3104	EN	3178496	2048
3105	TL	3178496	2048
3106	EN	3180544	2048
3107	TL	3180544	2048
3108	EN	3182592	2048
3109	TL	3182592	2048
3110	EN	3184640	2048
3111	TL	3184640	2048
3112	EN	3186688	2048
3113	TL	3186688	2048
3114	EN	3188736	2048
3115	TL	3188736	2048
3116	EN	3190784	2048
3117	TL	3190784	2048
3118	EN	3192832	2048
3119	TL	3192832	2048
3120	EN	3194880	2048
3121	TL	3194880	2048
3122	EN	3196928	2048
3123	TL	3196928	2048
3124	EN	3198976	2048
3125	TL	3198976	2048
3126	EN	3201024	2048
3127	TL	3201024	2048
3128	EN	3203072	2048
3129	TL	3203072	2048
3130	EN	3205120	2048
3131	TL	3205120	2048
3132	EN	3207168	2048
3133	TL	3207168	2048
3134	EN	3209216	2048
3135	TL	3209216	2048
3136	EN	3211264	2048
3137	TL	3211264	2048
3138	EN	3213312	2048
3139	TL	3213312	2048
3140	EN	3215360	2048
3141	TL	3215360	2048
3142	EN	3217408	2048
3143	TL	3217408	2048
3144	EN	3219456	2048
3145	TL	3219456	2048
3146	EN	3221504	2048
3147	TL	3221504	2048
3148	EN	3223552	2048
3149	TL	3223552	2048
3150	EN	3225600	2048
3151	TL	3225600	2048
3152	EN	3227648	2048
3153	TL	3227648	2048
3154	EN	3229696	2048
3155	TL	3229696	2048
3156	EN	3231744	2048
3157	TL	3231744	2048
3158	EN	3233792	2048
3159	TL	3233792	2048
3160	EN	3235840	2048
3161	TL	3235840	2048
3162	EN	3237888	2048
3163	TL	3237888	2048
3164	EN	3239936	2048
3165	TL	3239936	2048
3166	EN	3241984	2048
3167	TL	3241984	2048
3168	EN	3244032	2048
3169	TL	3244032	2048
3170	EN	3246080	2048
3171	TL	3246080	2048
3172	EN	3248128	2048
3173	TL	3248128	2048
3174	EN	3250176	2048
3175	TL	3250176	2048
3176	EN	3252224	2048
3177	TL	3252224	2048
3178	EN	3254272	2048
3179	TL	3254272	2048
3180	EN	3256320	2048
3181	TL	3256320	2048
3182	EN	3258368	2048
3183	TL	3258368	2048
3184	EN	3260416	2048
3185	TL	3260416	2048
3186	EN	3262464	2048
3187	TL	3262464	2048
3188	EN	3264512	2048
3189	TL	3264512	2048
3190	EN	3266560	2048
3191	TL	3266560	2048
3192	EN	3268608	2048
3193	TL	3268608	2048
3194	EN	3270656	2048
3195	TL	3270656	2048
3196	EN	3272704	2048
3197	TL	3272704	2048
3198	EN	3274752	2048
3199	TL	3274752	2048
3200	EN	3276800	2048
3201	TL	3276800	2048
3202	EN	3278848	2048
3203	TL	3278848	2048
3204	EN	3280896	2048
3205	TL	3280896	2048
3206	EN	3282944	2048
3207	TL	3282944	2048
3208	EN	3284992	2048
3209	TL	3284992	2048
3210	EN	3287040	2048
3211	TL	3287040	2048
3212	EN	3289088	2048
3213	TL	3289088	2048
3214	EN	3291136	2048
3215	TL	3291136	2048
3216	EN	3293184	2048
3217	TL	3293184	2048
3218	EN	3295232	2048
3219	TL	3295232	2048
3220	EN	3297280	2048
3221	TL	3297280	2048
3222	EN	3299328	2048
3223	TL	3299328	2048
3224	EN	3301376	2048
3225	TL	3301376	2048
3226	EN	3303424	2048
3227	TL	3303424	2048
3228	EN	3305472	2048
3229	TL	3305472	2048
3230	EN	3307520	2048
3231	TL	3307520	2048
3232	EN	3309568	2048
3233	TL	3309568	2048
3234	EN	3311616	2048
3235	TL	3311616	2048
3236	EN	3313664	2048
3237	TL	3313664	2048
3238	EN	3315712	2048
3239	TL	3315712	2048
3240	EN	3317760	2048
3241	TL	3317760	2048
3242	EN	3319808	2048
3243	TL	3319808	2048
3244	EN	3321856	2048
3245	TL	3321856	2048
3246	EN	3323904	2048
3247	TL	3323904	2048
3248	EN	3325952	2048
3249	TL	3325952	2048
3250	EN	3328000	2048
3251	TL	3328000	2048
3252	EN	3330048	2048
3253	TL	3330048	2048
3254	EN	3332096	2048
3255	TL	3332096	2048
3256	EN	3334144	2048
3257	TL	3334144	2048
3258	EN	3336192	2048
3259	TL	3336192	2048
3260	EN	3338240	2048
3261	TL	3338240	2048
3262	EN	3340288	2048
3263	TL	3340288	2048
3264	EN	3342336	2048
3265	TL	3342336	2048
3266	EN	3344384	2048
3267	TL	3344384	2048
3268	EN	3346432	2048
3269	TL	3346432	2048
3270	EN	3348480	2048
3271	TL	3348480	2048
3272	EN	3350528	2048
3273	TL	3350528	2048
3274	EN	3352576	2048
3275	TL	3352576	2048
3276	EN	3354624	2048
3277	TL	3354624	2048
3278	EN	3356672	2048
3279	TL	3356672	2048
3280	EN	3358720	2048
3281	TL	3358720	2048
3282	EN	3360768	2048
3283	TL	3360768	2048
3284	EN	3362816	2048
3285	TL	3362816	2048
3286	EN	3364864	2048
3287	TL	3364864	2048
3288	EN	3366912	2048
3289	TL	3366912	2048
3290	EN	3368960	2048
3291	TL	3368960	2048
3292	EN	3371008	2048
3293	TL	3371008	2048
3294	EN	3373056	2048
3295	TL	3373056	2048
3296	EN	3375104	2048
3297	TL	3375104	2048
3298	EN	3377152	2048
3299	TL	3377152	2048
3300	EN	3379200	2048
3301	TL	3379200	2048
3302	EN	3381248	2048
3303	TL	3381248	2048
3304	EN	3383296	2048
3305	TL	3383296	2048
3306	EN	3385344	2048
3307	TL	3385344	2048
3308	EN	3387392	2048
3309	TL	3387392	2048
3310	EN	3389440	2048
3311	TL	3389440	2048
3312	EN	3391488	2048
3313	TL	3391488	2048
3314	EN	3393536	2048
3315	TL	3393536	2048
3316	EN	3395584	2048
3317	TL	3395584	2048
3318	EN	3397632	2048
3319	TL	3397632	2048
3320	EN	3399680	2048
3321	TL	3399680	2048
3322	EN	3401728	2048
3323	TL	3401728	2048
3324	EN	3403776	2048
3325	TL	3403776	2048
3326	EN	3405824	2048
3327	TL	3405824	2048
3328	EN	3407872	2048
3329	TL	3407872	2048
3330	EN	3409920	2048
3331	TL	3409920	2048
3332	EN	3411968	2048
3333	TL	3411968	2048
3334	EN	3414016	2048
3335	TL	3414016	2048
3336	EN	3416064	2048
3337	TL	3416064	2048
3338	EN	3418112	2048
3339	TL	3418112	2048
3340	EN	3420160	2048
3341	TL	3420160	2048
3342	EN	3422208	2048
3343	TL	3422208	2048
3344	EN	3424256	2048
3345	TL	3424256	2048
3346	EN	3426304	2048
3347	TL	3426304	2048
3348	EN	3428352	2048
3349	TL	3428352	2048
3350	EN	3430400	2048
3351	TL	3430400	2048
3352	EN	3432448	2048
3353	TL	3432448	2048
3354	EN	3434496	2048
3355	TL	3434496	2048
3356	EN	3436544	2048
3357	TL	3436544	2048
3358	EN	3438592	2048
3359	TL	3438592	2048
3360	EN	3440640	2048
3361	TL	3440640	2048
3362	EN	3442688	2048
3363	TL	3442688	2048
3364	EN	3444736	2048
3365	TL	3444736	2048
3366	EN	3446784	2048
3367	TL	3446784	2048
3368	EN	3448832	2048
3369	TL	3448832	2048
3370	EN	3450880	2048
3371	TL	3450880	2048
3372	EN	3452928	2048
3373	TL	3452928	2048
3374	EN	3454976	2048
3375	TL	3454976	2048
3376	EN	3457024	2048
3377	TL	3457024	2048
3378	EN	3459072	2048
3379	TL	3459072	2048
3380	EN	3461120	2048
3381	TL	3461120	2048
3382	EN	3463168	2048
3383	TL	3463168	2048
3384	EN	3465216	2048
3385	TL	3465216	2048
3386	EN	3467264	2048
3387	TL	3467264	2048
3388	EN	3469312	2048
3389	TL	3469312	2048
3390	EN	3471360	2048
3391	TL	3471360	2048
3392	EN	3473408	2048
3393	TL	3473408	2048
3394	EN	3475456	2048
3395	TL	3475456	2048
3396	EN	3477504	2048
3397	TL	3477504	2048
3398	EN	3479552	2048
3399	TL	3479552	2048
3400	EN	3481600	2048
3401	TL	3481600	2048
3402	EN	3483648	2048
3403	TL	3483648	2048
3404	EN	3485696	2048
3405	TL	3485696	2048
3406	EN	3487744	2048
3407	TL	3487744	2048
3408	EN	3489792	2048
3409	TL	3489792	2048
3410	EN	3491840	2048
3411	TL	3491840	2048
3412	EN	3493888	2048
3413	TL	3493888	2048
3414	EN	3495936	2048
3415	TL	3495936	2048
3416	EN	3497984	2048
3417	TL	3497984	2048
3418	EN	3500032	2048
3419	TL	3500032	2048
3420	EN	3502080	2048
3421	TL	3502080	2048
3422	EN	3504128	2048
3423	TL	3504128	2048
3424	EN	3506176	2048
3425	TL	3506176	2048
3426	EN	3508224	2048
3427	TL	3508224	2048
3428	EN	3510272	2048
3429	TL	3510272	2048
3430	EN	3512320	2048
3431	TL	3512320	2048
3432	EN	3514368	2048
3433	TL	3514368	2048
3434	EN	3516416	2048
3435	TL	3516416	2048
3436	EN	3518464	2048
3437	TL	3518464	2048
3438	EN	3520512	2048
3439	TL	3520512	2048
3440	EN	3522560	2048
3441	TL	3522560	2048
3442	EN	3524608	2048
3443	TL	3524608	2048
3444	EN	3526656	2048
3445	TL	3526656	2048
3446	EN	3528704	2048
3447	TL	3528704	2048
3448	EN	3530752	2048
3449	TL	3530752	2048
3450	EN	3532800	2048
3451	TL	3532800	2048
3452	EN	3534848	2048
3453	TL	3534848	2048
3454	EN	3536896	2048
3455	TL	3536896	2048
3456	EN	3538944	2048
3457	TL	3538944	2048
3458	EN	3540992	2048
3459	TL	3540992	2048
3460	EN	3543040	2048
3461	TL	3543040	2048
3462	EN	3545088	2048
3463	TL	3545088	2048
3464	EN	3547136	2048
3465	TL	3547136	2048
3466	EN	3549184	2048
3467	TL	3549184	2048
3468	EN	3551232	2048
3469	TL	3551232	2048
3470	EN	3553280	2048
3471	TL	3553280	2048
3472	EN	3555328	2048
3473	TL	3555328	2048
3474	EN	3557376	2048
3475	TL	3557376	2048
3476	EN	3559424	2048
3477	TL	3559424	2048
3478	EN	3561472	2048
3479	TL	3561472	2048
3480	EN	3563520	2048
3481	TL	3563520	2048
3482	EN	3565568	2048
3483	TL	3565568	2048
3484	EN	3567616	2048
3485	TL	3567616	2048
3486	EN	3569664	2048
3487	TL	3569664	2048
3488	EN	3571712	2048
3489	TL	3571712	2048
3490	EN	3573760	2048
3491	TL	3573760	2048
3492	EN	3575808	2048
3493	TL	3575808	2048
3494	EN	3577856	2048
3495	TL	3577856	2048
3496	EN	3579904	2048
3497	TL	3579904	2048
3498	EN	3581952	2048
3499	TL	3581952	2048
3500	EN	3584000	2048
3501	TL	3584000	2048
3502	EN	3586048	2048
3503	TL	3586048	2048
3504	EN	3588096	2048
3505	TL	3588096	2048
3506	EN	3590144	2048
3507	TL	3590144	2048
3508	EN	3592192	2048
3509	TL	3592192	2048
3510	EN	3594240	2048
3511	TL	3594240	2048
3512	EN	3596288	2048
3513	TL	3596288	2048
3514	EN	3598336	2048
3515	TL	3598336	2048
3516	EN	3600384	2048
3517	TL	3600384	2048
3518	EN	3602432	2048
3519	TL	3602432	2048
3520	EN	3604480	2048
3521	TL	3604480	2048
3522	EN	3606528	2048
3523	TL	3606528	2048
3524	EN	3608576	2048
3525	TL	3608576	2048
3526	EN	3610624	2048
3527	TL	3610624	2048
3528	EN	3612672	2048
3529	TL	3612672	2048
3530	EN	3614720	2048
3531	TL	3614720	2048
3532	EN	3616768	2048
3533	TL	3616768	2048
3534	EN	3618816	2048
3535	TL	3618816	2048
3536	EN	3620864	2048
3537	TL	3620864	2048
3538	EN	3622912	2048
3539	TL	3622912	2048
3540	EN	3624960	2048
3541	TL	3624960	2048
3542	EN	3627008	2048
3543	TL	3627008	2048
3544	EN	3629056	2048
3545	TL	3629056	2048
3546	EN	3631104	2048
3547	TL	3631104	2048
3548	EN	3633152	2048
3549	TL	3633152	2048
3550	EN	3635200	2048
3551	TL	3635200	2048
3552	EN	3637248	2048
3553	TL	3637248	2048
3554	EN	3639296	2048
3555	TL	3639296	2048
3556	EN	3641344	2048
3557	TL	3641344	2048
3558	EN	3643392	2048
3559	TL	3643392	2048
3560	EN	3645440	2048
3561	TL	3645440	2048
3562	EN	3647488	2048
3563	TL	3647488	2048
3564	EN	3649536	2048
3565	TL	3649536	2048
3566	EN	3651584	2048
3567	TL	3651584	2048
3568	EN	3653632	2048
3569	TL	3653632	2048
3570	EN	3655680	2048
3571	TL	3655680	2048
3572	EN	3657728	2048
3573	TL	3657728	2048
3574	EN	3659776	2048
3575	TL	3659776	2048
3576	EN	3661824	2048
3577	TL	3661824	2048
3578	EN	3663872	2048
3579	TL	3663872	2048
3580	EN	3665920	2048
3581	TL	3665920	2048
3582	EN	3667968	2048
3583	TL	3667968	2048
3584	EN	3670016	2048
3585	TL	3670016	2048
3586	EN	3672064	2048
3587	TL	3672064	2048
3588	EN	3674112	2048
3589	TL	3674112	2048
3590	EN	3676160	2048
3591	TL	3676160	2048
3592	EN	3678208	2048
3593	TL	3678208	2048
3594	EN	3680256	2048
3595	TL	3680256	2048
3596	EN	3682304	2048
3597	TL	3682304	2048
3598	EN	3684352	2048
3599	TL	3684352	2048
3600	EN	3686400	2048
3601	TL	3686400	2048
3602	EN	3688448	2048
3603	TL	3688448	2048
3604	EN	3690496	2048
3605	TL	3690496	2048
3606	EN	3692544	2048
3607	TL	3692544	2048
3608	EN	3694592	2048
3609	TL	3694592	2048
3610	EN	3696640	2048
3611	TL	3696640	2048
3612	EN	3698688	2048
3613	TL	3698688	2048
3614	EN	3700736	2048
3615	TL	3700736	2048
3616	EN	3702784	2048
3617	TL	3702784	2048
3618	EN	3704832	2048
3619	TL	3704832	2048
3620	EN	3706880	2048
3621	TL	3706880	2048
3622	EN	3708928	2048
3623	TL	3708928	2048
3624	EN	3710976	2048
3625	TL	3710976	2048
3626	EN	3713024	2048
3627	TL	3713024	2048
3628	EN	3715072	2048
3629	TL	3715072	2048
3630	EN	3717120	2048
3631	TL	3717120	2048
3632	EN	3719168	2048
3633	TL	3719168	2048
3634	EN	3721216	2048
3635	TL	3721216	2048
3636	EN	3723264	2048
3637	TL	3723264	2048
3638	EN	3725312	2048
3639	TL	3725312	2048
3640	EN	3727360	2048
3641	TL	3727360	2048
3642	EN	3729408	2048
3643	TL	3729408	2048
3644	EN	3731456	2048
3645	TL	3731456	2048
3646	EN	3733504	2048
3647	TL	3733504	2048
3648	EN	3735552	2048
3649	TL	3735552	2048
3650	EN	3737600	2048
3651	TL	3737600	2048
3652	EN	3739648	2048
3653	TL	3739648	2048
3654	EN	3741696	2048
3655	TL	3741696	2048
3656	EN	3743744	2048
3657	TL	3743744	2048
3658	EN	3745792	2048
3659	TL	3745792	2048
3660	EN	3747840	2048
3661	TL	3747840	2048
3662	EN	3749888	2048
3663	TL	3749888	2048
3664	EN	3751936	2048
3665	TL	3751936	2048
3666	EN	3753984	2048
3667	TL	3753984	2048
3668	EN	3756032	2048
3669	TL	3756032	2048
3670	EN	3758080	2048
3671	TL	3758080	2048
3672	EN	3760128	2048
3673	TL	3760128	2048
3674	EN	3762176	2048
3675	TL	3762176	2048
3676	EN	3764224	2048
3677	TL	3764224	2048
3678	EN	3766272	2048
3679	TL	3766272	2048
3680	EN	3768320	2048
3681	TL	3768320	2048
3682	EN	3770368	2048
3683	TL	3770368	2048
3684	EN	3772416	2048
3685	TL	3772416	2048
3686	EN	3774464	2048
3687	TL	3774464	2048
3688	EN	3776512	2048
3689	TL	3776512	2048
3690	EN	3778560	2048
3691	TL	3778560	2048
3692	EN	3780608	2048
3693	TL	3780608	2048
3694	EN	3782656	2048
3695	TL	3782656	2048
3696	EN	3784704	2048
3697	TL	3784704	2048
3698	EN	3786752	2048
3699	TL	3786752	2048
3700	EN	3788800	2048
3701	TL	3788800	2048
3702	EN	3790848	2048
3703	TL	3790848	2048
3704	EN	3792896	2048
3705	TL	3792896	2048
3706	EN	3794944	2048
3707	TL	3794944	2048
3708	EN	3796992	2048
3709	TL	3796992	2048
3710	EN	3799040	2048
3711	TL	3799040	2048
3712	EN	3801088	2048
3713	TL	3801088	2048
3714	EN	3803136	2048
3715	TL	3803136	2048
3716	EN	3805184	2048
3717	TL	3805184	2048
3718	EN	3807232	2048
3719	TL	3807232	2048
3720	EN	3809280	2048
3721	TL	3809280	2048
3722	EN	3811328	2048
3723	TL	3811328	2048
3724	EN	3813376	2048
3725	TL	3813376	2048
3726	EN	3815424	2048
3727	TL	3815424	2048
3728	EN	3817472	2048
3729	TL	3817472	2048
3730	EN	3819520	2048
3731	TL	3819520	2048
3732	EN	3821568	2048
3733	TL	3821568	2048
3734	EN	3823616	2048
3735	TL	3823616	2048
3736	EN	3825664	2048
3737	TL	3825664	2048
3738	EN	3827712	2048
3739	TL	3827712	2048
3740	EN	3829760	2048
3741	TL	3829760	2048
3742	EN	3831808	2048
3743	TL	3831808	2048
3744	EN	3833856	2048
3745	TL	3833856	2048
3746	EN	3835904	2048
3747	TL	3835904	2048
3748	EN	3837952	2048
3749	TL	3837952	2048
3750	EN	3840000	2048
3751	TL	3840000	2048
3752	EN	3842048	2048
3753	TL	3842048	2048
3754	EN	3844096	2048
3755	TL	3844096	2048
3756	EN	3846144	2048
3757	TL	3846144	2048
3758	EN	3848192	2048
3759	TL	3848192	2048
3760	EN	3850240	2048
3761	TL	3850240	2048
3762	EN	3852288	2048
3763	TL	3852288	2048
3764	EN	3854336	2048
3765	TL	3854336	2048
3766	EN	3856384	2048
3767	TL	3856384	2048
3768	EN	3858432	2048
3769	TL	3858432	2048
3770	EN	3860480	2048
3771	TL	3860480	2048
3772	EN	3862528	2048
3773	TL	3862528	2048
3774	EN	3864576	2048
3775	TL	3864576	2048
3776	EN	3866624	2048
3777	TL	3866624	2048
3778	EN	3868672	2048
3779	TL	3868672	2048
3780	EN	3870720	2048
3781	TL	3870720	2048
3782	EN	3872768	2048
3783	TL	3872768	2048
3784	EN	3874816	2048
3785	TL	3874816	2048
3786	EN	3876864	2048
3787	TL	3876864	2048
3788	EN	3878912	2048
3789	TL	3878912	2048
3790	EN	3880960	2048
3791	TL	3880960	2048
3792	EN	3883008	2048
3793	TL	3883008	2048
3794	EN	3885056	2048
3795	TL	3885056	2048
3796	EN	3887104	2048
3797	TL	3887104	2048
3798	EN	3889152	2048
3799	TL	3889152	2048
3800	EN	3891200	2048
3801	TL	3891200	2048
3802	EN	3893248	2048
3803	TL	3893248	2048
3804	EN	3895296	2048
3805	TL	3895296	2048
3806	EN	3897344	2048
3807	TL	3897344	2048
3808	EN	3899392	2048
3809	TL	3899392	2048
3810	EN	3901440	2048
3811	TL	3901440	2048
3812	EN	3903488	2048
3813	TL	3903488	2048
3814	EN	3905536	2048
3815	TL	3905536	2048
3816	EN	3907584	2048
3817	TL	3907584	2048
3818	EN	3909632	2048
3819	TL	3909632	2048
3820	EN	3911680	2048
3821	TL	3911680	2048
3822	EN	3913728	2048
3823	TL	3913728	2048
3824	EN	3915776	2048
3825	TL	3915776	2048
3826	EN	3917824	2048
3827	TL	3917824	2048
3828	EN	3919872	2048
3829	TL	3919872	2048
3830	EN	3921920	2048
3831	TL	3921920	2048
3832	EN	3923968	2048
3833	TL	3923968	2048
3834	EN	3926016	2048
3835	TL	3926016	2048
3836	EN	3928064	2048
3837	TL	3928064	2048
3838	EN	3930112	2048
3839	TL	3930112	2048
3840	EN	3932160	2048
3841	TL	3932160	2048
3842	EN	3934208	2048
3843	TL	3934208	2048
3844	EN	3936256	2048
3845	TL	3936256	2048
3846	EN	3938304	2048
3847	TL	3938304	2048
3848	EN	3940352	2048
3849	TL	3940352	2048
3850	EN	3942400	2048
3851	TL	3942400	2048
3852	EN	3944448	2048
3853	TL	3944448	2048
3854	EN	3946496	2048
3855	TL	3946496	2048
3856	EN	3948544	2048
3857	TL	3948544	2048
3858	EN	3950592	2048
3859	TL	3950592	2048
3860	EN	3952640	2048
3861	TL	3952640	2048
3862	EN	3954688	2048
3863	TL	3954688	2048
3864	EN	3956736	2048
3865	TL	3956736	2048
3866	EN	3958784	2048
3867	TL	3958784	2048
3868	EN	3960832	2048
3869	TL	3960832	2048
3870	EN	3962880	2048
3871	TL	3962880	2048
3872	EN	3964928	2048
3873	TL	3964928	2048
3874	EN	3966976	2048
3875	TL	3966976	2048
3876	EN	3969024	2048
3877	TL	3969024	2048
3878	EN	3971072	2048
3879	TL	3971072	2048
3880	EN	3973120	2048
3881	TL	3973120	2048
3882	EN	3975168	2048
3883	TL	3975168	2048
3884	EN	3977216	2048
3885	TL	3977216	2048
3886	EN	3979264	2048
3887	TL	3979264	2048
3888	EN	3981312	2048
3889	TL	3981312	2048
3890	EN	3983360	2048
3891	TL	3983360	2048
3892	EN	3985408	2048
3893	TL	3985408	2048
3894	EN	3987456	2048
3895	TL	3987456	2048
3896	EN	3989504	2048
3897	TL	3989504	2048
3898	EN	3991552	2048
3899	TL	3991552	2048
3900	EN	3993600	2048
3901	TL	3993600	2048
3902	EN	3995648	2048
3903	TL	3995648	2048
3904	EN	3997696	2048
3905	TL	3997696	2048
3906	EN	3999744	2048
3907	TL	3999744	2048
3908	EN	4001792	2048
3909	TL	4001792	2048
3910	EN	4003840	2048
3911	TL	4003840	2048
3912	EN	4005888	2048
3913	TL	4005888	2048
3914	EN	4007936	2048
3915	TL	4007936	2048
3916	EN	4009984	2048
3917	TL	4009984	2048
3918	EN	4012032	2048
3919	TL	4012032	2048
3920	EN	4014080	2048
3921	TL	4014080	2048
3922	EN	4016128	2048
3923	TL	4016128	2048
3924	EN	4018176	2048
3925	TL	4018176	2048
3926	EN	4020224	2048
3927	TL	4020224	2048
3928	EN	4022272	2048
3929	TL	4022272	2048
3930	EN	4024320	2048
3931	TL	4024320	2048
3932	EN	4026368	2048
3933	TL	4026368	2048
3934	EN	4028416	2048
3935	TL	4028416	2048
3936	EN	4030464	2048
3937	TL	4030464	2048
3938	EN	4032512	2048
3939	TL	4032512	2048
3940	EN	4034560	2048
3941	TL	4034560	2048
3942	EN	4036608	2048
3943	TL	4036608	2048
3944	EN	4038656	2048
3945	TL	4038656	2048
3946	EN	4040704	2048
3947	TL	4040704	2048
3948	EN	4042752	2048
3949	TL	4042752	2048
3950	EN	4044800	2048
3951	TL	4044800	2048
3952	EN	4046848	2048
3953	TL	4046848	2048
3954	EN	4048896	2048
3955	TL	4048896	2048
3956	EN	4050944	2048
3957	TL	4050944	2048
3958	EN	4052992	2048
3959	TL	4052992	2048
3960	EN	4055040	2048
3961	TL	4055040	2048
3962	EN	4057088	2048
3963	TL	4057088	2048
3964	EN	4059136	2048
3965	TL	4059136	2048
3966	EN	4061184	2048
3967	TL	4061184	2048
3968	EN	4063232	2048
3969	TL	4063232	2048
3970	EN	4065280	2048
3971	TL	4065280	2048
3972	EN	4067328	2048
3973	TL	4067328	2048
3974	EN	4069376	2048
3975	TL	4069376	2048
3976	EN	4071424	2048
3977	TL	4071424	2048
3978	EN	4073472	2048
3979	TL	4073472	2048
3980	EN	4075520	2048
3981	TL	4075520	2048
3982	EN	4077568	2048
3983	TL	4077568	2048
3984	EN	4079616	2048
3985	TL	4079616	2048
3986	EN	4081664	2048
3987	TL	4081664	2048
3988	EN	4083712	2048
3989	TL	4083712	2048
3990	EN	4085760	2048
3991	TL	4085760	2048
3992	EN	4087808	2048
3993	TL	4087808	2048
3994	EN	4089856	2048
3995	TL	4089856	2048
3996	EN	4091904	2048
3997	TL	4091904	2048
3998	EN	4093952	2048
3999	TL	4093952	2048
4000	EN	4096000	2048
4001	TL	4096000	2048
4002	EN	4098048	2048
4003	TL	4098048	2048
4004	EN	4100096	2048
4005	TL	4100096	2048
4006	EN	4102144	2048
4007	TL	4102144	2048
4008	EN	4104192	2048
4009	TL	4104192	2048
4010	EN	4106240	2048
4011	TL	4106240	2048
4012	EN	4108288	2048
4013	TL	4108288	2048
4014	EN	4110336	2048
4015	TL	4110336	2048
4016	EN	4112384	2048
4017	TL	4112384	2048
4018	EN	4114432	2048
4019	TL	4114432	2048
4020	EN	4116480	2048
4021	TL	4116480	2048
4022	EN	4118528	2048
4023	TL	4118528	2048
4024	EN	4120576	2048
4025	TL	4120576	2048
4026	EN	4122624	2048
4027	TL	4122624	2048
4028	EN	4124672	2048
4029	TL	4124672	2048
4030	EN	4126720	2048
4031	TL	4126720	2048
4032	EN	4128768	2048
4033	TL	4128768	2048
4034	EN	4130816	2048
4035	TL	4130816	2048
4036	EN	4132864	2048
4037	TL	4132864	2048
4038	EN	4134912	2048
4039	TL	4134912	2048
4040	EN	4136960	2048
4041	TL	4136960	2048
4042	EN	4139008	2048
4043	TL	4139008	2048
4044	EN	4141056	2048
4045	TL	4141056	2048
4046	EN	4143104	2048
4047	TL	4143104	2048
4048	EN	4145152	2048
4049	TL	4145152	2048
4050	EN	4147200	2048
4051	TL	4147200	2048
4052	EN	4149248	2048
4053	TL	4149248	2048
4054	EN	4151296	2048
4055	TL	4151296	2048
4056	EN	4153344	2048
4057	TL	4153344	2048
4058	EN	4155392	2048
4059	TL	4155392	2048
4060	EN	4157440	2048
4061	TL	4157440	2048
4062	EN	4159488	2048
4063	TL	4159488	2048
4064	EN	4161536	2048
4065	TL	4161536	2048
4066	EN	4163584	2048
4067	TL	4163584	2048
4068	EN	4165632	2048
4069	TL	4165632	2048
4070	EN	4167680	2048
4071	TL	4167680	2048
4072	EN	4169728	2048
4073	TL	4169728	2048
4074	EN	4171776	2048
4075	TL	4171776	2048
4076	EN	4173824	2048
4077	TL	4173824	2048
4078	EN	4175872	2048
4079	TL	4175872	2048
4080	EN	4177920	2048
4081	TL	4177920	2048
4082	EN	4179968	2048
4083	TL	4179968	2048
4084	EN	4182016	2048
4085	TL	4182016	2048
4086	EN	4184064	2048
4087	TL	4184064	2048
4088	EN	4186112	2048
4089	TL	4186112	2048
4090	EN	4188160	2048
4091	TL	4188160	2048
4092	EN	4190208	2048
4093	TL	4190208	2048
4094	EN	4192256	2048
4095	TL	4192256	2048
4096	EN	4194304	2048
4097	TL	4194304	2048
4098	EN	4196352	2048
4099	TL	4196352	2048
4100	EN	4198400	2048
4101	TL	4198400	2048
4102	EN	4200448	2048
4103	TL	4200448	2048
4104	EN	4202496	2048
4105	TL	4202496	2048
4106	EN	4204544	2048
4107	TL	4204544	2048
4108	EN	4206592	2048
4109	TL	4206592	2048
4110	EN	4208640	2048
4111	TL	4208640	2048
4112	EN	4210688	2048
4113	TL	4210688	2048
4114	EN	4212736	2048
4115	TL	4212736	2048
4116	EN	4214784	2048
4117	TL	4214784	2048
4118	EN	4216832	2048
4119	TL	4216832	2048
4120	EN	4218880	2048
4121	TL	4218880	2048
4122	EN	4220928	2048
4123	TL	4220928	2048
4124	EN	4222976	2048
4125	TL	4222976	2048
4126	EN	4225024	2048
4127	TL	4225024	2048
4128	EN	4227072	2048
4129	TL	4227072	2048
4130	EN	4229120	2048
4131	TL	4229120	2048
4132	EN	4231168	2048
4133	TL	4231168	2048
4134	EN	4233216	2048
4135	TL	4233216	2048
4136	EN	4235264	2048
4137	TL	4235264	2048
4138	EN	4237312	2048
4139	TL	4237312	2048
4140	EN	4239360	2048
4141	TL	4239360	2048
4142	EN	4241408	2048
4143	TL	4241408	2048
4144	EN	4243456	2048
4145	TL	4243456	2048
4146	EN	4245504	2048
4147	TL	4245504	2048
4148	EN	4247552	2048
4149	TL	4247552	2048
4150	EN	4249600	2048
4151	TL	4249600	2048
4152	EN	4251648	2048
4153	TL	4251648	2048
4154	EN	4253696	2048
4155	TL	4253696	2048
4156	EN	4255744	2048
4157	TL	4255744	2048
4158	EN	4257792	2048
4159	TL	4257792	2048
4160	EN	4259840	2048
4161	TL	4259840	2048
4162	EN	4261888	2048
4163	TL	4261888	2048
4164	EN	4263936	2048
4165	TL	4263936	2048
4166	EN	4265984	2048
4167	TL	4265984	2048
4168	EN	4268032	2048
4169	TL	4268032	2048
4170	EN	4270080	2048
4171	TL	4270080	2048
4172	EN	4272128	2048
4173	TL	4272128	2048
4174	EN	4274176	2048
4175	TL	4274176	2048
4176	EN	4276224	2048
4177	TL	4276224	2048
4178	EN	4278272	2048
4179	TL	4278272	2048
4180	EN	4280320	2048
4181	TL	4280320	2048
4182	EN	4282368	2048
4183	TL	4282368	2048
4184	EN	4284416	2048
4185	TL	4284416	2048
4186	EN	4286464	2048
4187	TL	4286464	2048
4188	EN	4288512	2048
4189	TL	4288512	2048
4190	EN	4290560	2048
4191	TL	4290560	2048
4192	EN	4292608	2048
4193	TL	4292608	2048
4194	EN	4294656	2048
4195	TL	4294656	2048
4196	EN	4296704	2048
4197	TL	4296704	2048
4198	EN	4298752	2048
4199	TL	4298752	2048
4200	EN	4300800	2048
4201	TL	4300800	2048
4202	EN	4302848	2048
4203	TL	4302848	2048
4204	EN	4304896	2048
4205	TL	4304896	2048
4206	EN	4306944	2048
4207	TL	4306944	2048
4208	EN	4308992	2048
4209	TL	4308992	2048
4210	EN	4311040	2048
4211	TL	4311040	2048
4212	EN	4313088	2048
4213	TL	4313088	2048
4214	EN	4315136	2048
4215	TL	4315136	2048
4216	EN	4317184	2048
4217	TL	4317184	2048
4218	EN	4319232	2048
4219	TL	4319232	2048
4220	EN	4321280	2048
4221	TL	4321280	2048
4222	EN	4323328	2048
4223	TL	4323328	2048
4224	EN	4325376	2048
4225	TL	4325376	2048
4226	EN	4327424	2048
4227	TL	4327424	2048
4228	EN	4329472	2048
4229	TL	4329472	2048
4230	EN	4331520	2048
4231	TL	4331520	2048
4232	EN	4333568	2048
4233	TL	4333568	2048
4234	EN	4335616	2048
4235	TL	4335616	2048
4236	EN	4337664	2048
4237	TL	4337664	2048
4238	EN	4339712	2048
4239	TL	4339712	2048
4240	EN	4341760	2048
4241	TL	4341760	2048
4242	EN	4343808	2048
4243	TL	4343808	2048
4244	EN	4345856	2048
4245	TL	4345856	2048
4246	EN	4347904	2048
4247	TL	4347904	2048
4248	EN	4349952	2048
4249	TL	4349952	2048
4250	EN	4352000	2048
4251	TL	4352000	2048
4252	EN	4354048	2048
4253	TL	4354048	2048
4254	EN	4356096	2048
4255	TL	4356096	2048
4256	EN	4358144	2048
4257	TL	4358144	2048
4258	EN	4360192	2048
4259	TL	4360192	2048
4260	EN	4362240	2048
4261	TL	4362240	2048
4262	EN	4364288	2048
4263	TL	4364288	2048
4264	EN	4366336	2048
4265	TL	4366336	2048
4266	EN	4368384	2048
4267	TL	4368384	2048
4268	EN	4370432	2048
4269	TL	4370432	2048
4270	EN	4372480	2048
4271	TL	4372480	2048
4272	EN	4374528	2048
4273	TL	4374528	2048
4274	EN	4376576	2048
4275	TL	4376576	2048
4276	EN	4378624	2048
4277	TL	4378624	2048
4278	EN	4380672	2048
4279	TL	4380672	2048
4280	EN	4382720	2048
4281	TL	4382720	2048
4282	EN	4384768	2048
4283	TL	4384768	2048
4284	EN	4386816	2048
4285	TL	4386816	2048
4286	EN	4388864	2048
4287	TL	4388864	2048
4288	EN	4390912	2048
4289	TL	4390912	2048
4290	EN	4392960	2048
4291	TL	4392960	2048
4292	EN	4395008	2048
4293	TL	4395008	2048
4294	EN	4397056	2048
4295	TL	4397056	2048
4296	EN	4399104	2048
4297	TL	4399104	2048
4298	EN	4401152	2048
4299	TL	4401152	2048
4300	EN	4403200	2048
4301	TL	4403200	2048
4302	EN	4405248	2048
4303	TL	4405248	2048
4304	EN	4407296	2048
4305	TL	4407296	2048
4306	EN	4409344	2048
4307	TL	4409344	2048
4308	EN	4411392	2048
4309	TL	4411392	2048
4310	EN	4413440	2048
4311	TL	4413440	2048
4312	EN	4415488	2048
4313	TL	4415488	2048
4314	EN	4417536	2048
4315	TL	4417536	2048
4316	EN	4419584	2048
4317	TL	4419584	2048
4318	EN	4421632	2048
4319	TL	4421632	2048
4320	EN	4423680	2048
4321	TL	4423680	2048
4322	EN	4425728	2048
4323	TL	4425728	2048
4324	EN	4427776	2048
4325	TL	4427776	2048
4326	EN	4429824	2048
4327	TL	4429824	2048
4328	EN	4431872	2048
4329	TL	4431872	2048
4330	EN	4433920	2048
4331	TL	4433920	2048
4332	EN	4435968	2048
4333	TL	4435968	2048
4334	EN	4438016	2048
4335	TL	4438016	2048
4336	EN	4440064	2048
4337	TL	4440064	2048
4338	EN	4442112	2048
4339	TL	4442112	2048
4340	EN	4444160	2048
4341	TL	4444160	2048
4342	EN	4446208	2048
4343	TL	4446208	2048
4344	EN	4448256	2048
4345	TL	4448256	2048
4346	EN	4450304	2048
4347	TL	4450304	2048
4348	EN	4452352	2048
4349	TL	4452352	2048
4350	EN	4454400	2048
4351	TL	4454400	2048
4352	EN	4456448	2048
4353	TL	4456448	2048
4354	EN	4458496	2048
4355	TL	4458496	2048
4356	EN	4460544	2048
4357	TL	4460544	2048
4358	EN	4462592	2048
4359	TL	4462592	2048
4360	EN	4464640	2048
4361	TL	4464640	2048
4362	EN	4466688	2048
4363	TL	4466688	2048
4364	EN	4468736	2048
4365	TL	4468736	2048
4366	EN	4470784	2048
4367	TL	4470784	2048
4368	EN	4472832	2048
4369	TL	4472832	2048
4370	EN	4474880	2048
4371	TL	4474880	2048
4372	EN	4476928	2048
4373	TL	4476928	2048
4374	EN	4478976	2048
4375	TL	4478976	2048
4376	EN	4481024	2048
4377	TL	4481024	2048
4378	EN	4483072	2048
4379	TL	4483072	2048
4380	EN	4485120	2048
4381	TL	4485120	2048
4382	EN	4487168	2048
4383	TL	4487168	2048
4384	EN	4489216	2048
4385	TL	4489216	2048
4386	EN	4491264	2048
4387	TL	4491264	2048
4388	EN	4493312	2048
4389	TL	4493312	2048
4390	EN	4495360	2048
4391	TL	4495360	2048
4392	EN	4497408	2048
4393	TL	4497408	2048
4394	EN	4499456	2048
4395	TL	4499456	2048
4396	EN	4501504	2048
4397	TL	4501504	2048
4398	EN	4503552	2048
4399	TL	4503552	2048
4400	EN	4505600	2048
4401	TL	4505600	2048
4402	EN	4507648	2048
4403	TL	4507648	2048
4404	EN	4509696	2048
4405	TL	4509696	2048
4406	EN	4511744	2048
4407	TL	4511744	2048
4408	EN	4513792	2048
4409	TL	4513792	2048
4410	EN	4515840	2048
4411	TL	4515840	2048
4412	EN	4517888	2048
4413	TL	4517888	2048
4414	EN	4519936	2048
4415	TL	4519936	2048
4416	EN	4521984	2048
4417	TL	4521984	2048
4418	EN	4524032	2048
4419	TL	4524032	2048
4420	EN	4526080	2048
4421	TL	4526080	2048
4422	EN	4528128	2048
4423	TL	4528128	2048
4424	EN	4530176	2048
4425	TL	4530176	2048
4426	EN	4532224	2048
4427	TL	4532224	2048
4428	EN	4534272	2048
4429	TL	4534272	2048
4430	EN	4536320	2048
4431	TL	4536320	2048
4432	EN	4538368	2048
4433	TL	4538368	2048
4434	EN	4540416	2048
4435	TL	4540416	2048
4436	EN	4542464	2048
4437	TL	4542464	2048
4438	EN	4544512	2048
4439	TL	4544512	2048
4440	EN	4546560	2048
4441	TL	4546560	2048
4442	EN	4548608	2048
4443	TL	4548608	2048
4444	EN	4550656	2048
4445	TL	4550656	2048
4446	EN	4552704	2048
4447	TL	4552704	2048
4448	EN	4554752	2048
4449	TL	4554752	2048
4450	EN	4556800	2048
4451	TL	4556800	2048
4452	EN	4558848	2048
4453	TL	4558848	2048
4454	EN	4560896	2048
4455	TL	4560896	2048
4456	EN	4562944	2048
4457	TL	4562944	2048
4458	EN	4564992	2048
4459	TL	4564992	2048
4460	EN	4567040	2048
4461	TL	4567040	2048
4462	EN	4569088	2048
4463	TL	4569088	2048
4464	EN	4571136	2048
4465	TL	4571136	2048
4466	EN	4573184	2048
4467	TL	4573184	2048
4468	EN	4575232	2048
4469	TL	4575232	2048
4470	EN	4577280	2048
4471	TL	4577280	2048
4472	EN	4579328	2048
4473	TL	4579328	2048
4474	EN	4581376	2048
4475	TL	4581376	2048
4476	EN	4583424	2048
4477	TL	4583424	2048
4478	EN	4585472	2048
4479	TL	4585472	2048
4480	EN	4587520	2048
4481	TL	4587520	2048
4482	EN	4589568	2048
4483	TL	4589568	2048
4484	EN	4591616	2048
4485	TL	4591616	2048
4486	EN	4593664	2048
4487	TL	4593664	2048
4488	EN	4595712	2048
4489	TL	4595712	2048
4490	EN	4597760	2048
4491	TL	4597760	2048
4492	EN	4599808	2048
4493	TL	4599808	2048
4494	EN	4601856	2048
4495	TL	4601856	2048
4496	EN	4603904	2048
4497	TL	4603904	2048
4498	EN	4605952	2048
4499	TL	4605952	2048
4500	EN	4608000	2048
4501	TL	4608000	2048
4502	EN	4610048	2048
4503	TL	4610048	2048
4504	EN	4612096	2048
4505	TL	4612096	2048
4506	EN	4614144	2048
4507	TL	4614144	2048
4508	EN	4616192	2048
4509	TL	4616192	2048
4510	EN	4618240	2048
4511	TL	4618240	2048
4512	EN	4620288	2048
4513	TL	4620288	2048
4514	EN	4622336	2048
4515	TL	4622336	2048
4516	EN	4624384	2048
4517	TL	4624384	2048
4518	EN	4626432	2048
4519	TL	4626432	2048
4520	EN	4628480	2048
4521	TL	4628480	2048
4522	EN	4630528	2048
4523	TL	4630528	2048
4524	EN	4632576	2048
4525	TL	4632576	2048
4526	EN	4634624	2048
4527	TL	4634624	2048
4528	EN	4636672	2048
4529	TL	4636672	2048
4530	EN	4638720	2048
4531	TL	4638720	2048
4532	EN	4640768	2048
4533	TL	4640768	2048
4534	EN	4642816	2048
4535	TL	4642816	2048
4536	EN	4644864	2048
4537	TL	4644864	2048
4538	EN	4646912	2048
4539	TL	4646912	2048
4540	EN	4648960	2048
4541	TL	4648960	2048
4542	EN	4651008	2048
4543	TL	4651008	2048
4544	EN	4653056	2048
4545	TL	4653056	2048
4546	EN	4655104	2048
4547	TL	4655104	2048
4548	EN	4657152	2048
4549	TL	4657152	2048
4550	EN	4659200	2048
4551	TL	4659200	2048
4552	EN	4661248	2048
4553	TL	4661248	2048
4554	EN	4663296	2048
4555	TL	4663296	2048
4556	EN	4665344	2048
4557	TL	4665344	2048
4558	EN	4667392	2048
4559	TL	4667392	2048
4560	EN	4669440	2048
4561	TL	4669440	2048
4562	EN	4671488	2048
4563	TL	4671488	2048
4564	EN	4673536	2048
4565	TL	4673536	2048
4566	EN	4675584	2048
4567	TL	4675584	2048
4568	EN	4677632	2048
4569	TL	4677632	2048
4570	EN	4679680	2048
4571	TL	4679680	2048
4572	EN	4681728	2048
4573	TL	4681728	2048
4574	EN	4683776	2048
4575	TL	4683776	2048
4576	EN	4685824	2048
4577	TL	4685824	2048
4578	EN	4687872	2048
4579	TL	4687872	2048
4580	EN	4689920	2048
4581	TL	4689920	2048
4582	EN	4691968	2048
4583	TL	4691968	2048
4584	EN	4694016	2048
4585	TL	4694016	2048
4586	EN	4696064	2048
4587	TL	4696064	2048
4588	EN	4698112	2048
4589	TL	4698112	2048
4590	EN	4700160	2048
4591	TL	4700160	2048
4592	EN	4702208	2048
4593	TL	4702208	2048
4594	EN	4704256	2048
4595	TL	4704256	2048
4596	EN	4706304	2048
4597	TL	4706304	2048
4598	EN	4708352	2048
4599	TL	4708352	2048
4600	EN	4710400	2048
4601	TL	4710400	2048
4602	EN	4712448	2048
4603	TL	4712448	2048
4604	EN	4714496	2048
4605	TL	4714496	2048
4606	EN	4716544	2048
4607	TL	4716544	2048
4608	EN	4718592	2048
4609	TL	4718592	2048
4610	EN	4720640	2048
4611	TL	4720640	2048
4612	EN	4722688	2048
4613	TL	4722688	2048
4614	EN	4724736	2048
4615	TL	4724736	2048
4616	EN	4726784	2048
4617	TL	4726784	2048
4618	EN	4728832	2048
4619	TL	4728832	2048
4620	EN	4730880	2048
4621	TL	4730880	2048
4622	EN	4732928	2048
4623	TL	4732928	2048
4624	EN	4734976	2048
4625	TL	4734976	2048
4626	EN	4737024	2048
4627	TL	4737024	2048
4628	EN	4739072	2048
4629	TL	4739072	2048
4630	EN	4741120	2048
4631	TL	4741120	2048
4632	EN	4743168	2048
4633	TL	4743168	2048
4634	EN	4745216	2048
4635	TL	4745216	2048
4636	EN	4747264	2048
4637	TL	4747264	2048
4638	EN	4749312	2048
4639	TL	4749312	2048
4640	EN	4751360	2048
4641	TL	4751360	2048
4642	EN	4753408	2048
4643	TL	4753408	2048
4644	EN	4755456	2048
4645	TL	4755456	2048
4646	EN	4757504	2048
4647	TL	4757504	2048
4648	EN	4759552	2048
4649	TL	4759552	2048
4650	EN	4761600	2048
4651	TL	4761600	2048
4652	EN	4763648	2048
4653	TL	4763648	2048
4654	EN	4765696	2048
4655	TL	4765696	2048
4656	EN	4767744	2048
4657	TL	4767744	2048
4658	EN	4769792	2048
4659	TL	4769792	2048
4660	EN	4771840	2048
4661	TL	4771840	2048
4662	EN	4773888	2048
4663	TL	4773888	2048
4664	EN	4775936	2048
4665	TL	4775936	2048
4666	EN	4777984	2048
4667	TL	4777984	2048
4668	EN	4780032	2048
4669	TL	4780032	2048
4670	EN	4782080	2048
4671	TL	4782080	2048
4672	EN	4784128	2048
4673	TL	4784128	2048
4674	EN	4786176	2048
4675	TL	4786176	2048
4676	EN	4788224	2048
4677	TL	4788224	2048
4678	EN	4790272	2048
4679	TL	4790272	2048
4680	EN	4792320	2048
4681	TL	4792320	2048
4682	EN	4794368	2048
4683	TL	4794368	2048
4684	EN	4796416	2048
4685	TL	4796416	2048
4686	EN	4798464	2048
4687	TL	4798464	2048
4688	EN	4800512	2048
4689	TL	4800512	2048
4690	EN	4802560	2048
4691	TL	4802560	2048
4692	EN	4804608	2048
4693	TL	4804608	2048
4694	EN	4806656	2048
4695	TL	4806656	2048
4696	EN	4808704	2048
4697	TL	4808704	2048
4698	EN	4810752	2048
4699	TL	4810752	2048
4700	EN	4812800	2048
4701	TL	4812800	2048
4702	EN	4814848	2048
4703	TL	4814848	2048
4704	EN	4816896	2048
4705	TL	4816896	2048
4706	EN	4818944	2048
4707	TL	4818944	2048
4708	EN	4820992	2048
4709	TL	4820992	2048
4710	EN	4823040	2048
4711	TL	4823040	2048
4712	EN	4825088	2048
4713	TL	4825088	2048
4714	EN	4827136	2048
4715	TL	4827136	2048
4716	EN	4829184	2048
4717	TL	4829184	2048
4718	EN	4831232	2048
4719	TL	4831232	2048
4720	EN	4833280	2048
4721	TL	4833280	2048
4722	EN	4835328	2048
4723	TL	4835328	2048
4724	EN	4837376	2048
4725	TL	4837376	2048
4726	EN	4839424	2048
4727	TL	4839424	2048
4728	EN	4841472	2048
4729	TL	4841472	2048
4730	EN	4843520	2048
4731	TL	4843520	2048
4732	EN	4845568	2048
4733	TL	4845568	2048
4734	EN	4847616	2048
4735	TL	4847616	2048
4736	EN	4849664	2048
4737	TL	4849664	2048
4738	EN	4851712	2048
4739	TL	4851712	2048
4740	EN	4853760	2048
4741	TL	4853760	2048
4742	EN	4855808	2048
4743	TL	4855808	2048
4744	EN	4857856	2048
4745	TL	4857856	2048
4746	EN	4859904	2048
4747	TL	4859904	2048
4748	EN	4861952	2048
4749	TL	4861952	2048
4750	EN	4864000	2048
4751	TL	4864000	2048
4752	EN	4866048	2048
4753	TL	4866048	2048
4754	EN	4868096	2048
4755	TL	4868096	2048
4756	EN	4870144	2048
4757	TL	4870144	2048
4758	EN	4872192	2048
4759	TL	4872192	2048
4760	EN	4874240	2048
4761	TL	4874240	2048
4762	EN	4876288	2048
4763	TL	4876288	2048
4764	EN	4878336	2048
4765	TL	4878336	2048
4766	EN	4880384	2048
4767	TL	4880384	2048
4768	EN	4882432	2048
4769	TL	4882432	2048
4770	EN	4884480	2048
4771	TL	4884480	2048
4772	EN	4886528	2048
4773	TL	4886528	2048
4774	EN	4888576	2048
4775	TL	4888576	2048
4776	EN	4890624	2048
4777	TL	4890624	2048
4778	EN	4892672	2048
4779	TL	4892672	2048
4780	EN	4894720	2048
4781	TL	4894720	2048
4782	EN	4896768	2048
4783	TL	4896768	2048
4784	EN	4898816	2048
4785	TL	4898816	2048
4786	EN	4900864	2048
4787	TL	4900864	2048
4788	EN	4902912	2048
4789	TL	4902912	2048
4790	EN	4904960	2048
4791	TL	4904960	2048
4792	EN	4907008	2048
4793	TL	4907008	2048
4794	EN	4909056	2048
4795	TL	4909056	2048
4796	EN	4911104	2048
4797	TL	4911104	2048
4798	EN	4913152	2048
4799	TL	4913152	2048
4800	EN	4915200	2048
4801	TL	4915200	2048
4802	EN	4917248	2048
4803	TL	4917248	2048
4804	EN	4919296	2048
4805	TL	4919296	2048
4806	EN	4921344	2048
4807	TL	4921344	2048
4808	EN	4923392	2048
4809	TL	4923392	2048
4810	EN	4925440	2048
4811	TL	4925440	2048
4812	EN	4927488	2048
4813	TL	4927488	2048
4814	EN	4929536	2048
4815	TL	4929536	2048
4816	EN	4931584	2048
4817	TL	4931584	2048
4818	EN	4933632	2048
4819	TL	4933632	2048
4820	EN	4935680	2048
4821	TL	4935680	2048
4822	EN	4937728	2048
4823	TL	4937728	2048
4824	EN	4939776	2048
4825	TL	4939776	2048
4826	EN	4941824	2048
4827	TL	4941824	2048
4828	EN	4943872	2048
4829	TL	4943872	2048
4830	EN	4945920	2048
4831	TL	4945920	2048
4832	EN	4947968	2048
4833	TL	4947968	2048
4834	EN	4950016	2048
4835	TL	4950016	2048
4836	EN	4952064	2048
4837	TL	4952064	2048
4838	EN	4954112	2048
4839	TL	4954112	2048
4840	EN	4956160	2048
4841	TL	4956160	2048
4842	EN	4958208	2048
4843	TL	4958208	2048
4844	EN	4960256	2048
4845	TL	4960256	2048
4846	EN	4962304	2048
4847	TL	4962304	2048
4848	EN	4964352	2048
4849	TL	4964352	2048
4850	EN	4966400	2048
4851	TL	4966400	2048
4852	EN	4968448	2048
4853	TL	4968448	2048
4854	EN	4970496	2048
4855	TL	4970496	2048
4856	EN	4972544	2048
4857	TL	4972544	2048
4858	EN	4974592	2048
4859	TL	4974592	2048
4860	EN	4976640	2048
4861	TL	4976640	2048
4862	EN	4978688	2048
4863	TL	4978688	2048
4864	EN	4980736	2048
4865	TL	4980736	2048
4866	EN	4982784	2048
4867	TL	4982784	2048
4868	EN	4984832	2048
4869	TL	4984832	2048
4870	EN	4986880	2048
4871	TL	4986880	2048
4872	EN	4988928	2048
4873	TL	4988928	2048
4874	EN	4990976	2048
4875	TL	4990976	2048
4876	EN	4993024	2048
4877	TL	4993024	2048
4878	EN	4995072	2048
4879	TL	4995072	2048
4880	EN	4997120	2048
4881	TL	4997120	2048
4882	EN	4999168	2048
4883	TL	4999168	2048
4884	EN	5001216	2048
4885	TL	5001216	2048
4886	EN	5003264	2048
4887	TL	5003264	2048
4888	EN	5005312	2048
4889	TL	5005312	2048
4890	EN	5007360	2048
4891	TL	5007360	2048
4892	EN	5009408	2048
4893	TL	5009408	2048
4894	EN	5011456	2048
4895	TL	5011456	2048
4896	EN	5013504	2048
4897	TL	5013504	2048
4898	EN	5015552	2048
4899	TL	5015552	2048
4900	EN	5017600	2048
4901	TL	5017600	2048
4902	EN	5019648	2048
4903	TL	5019648	2048
4904	EN	5021696	2048
4905	TL	5021696	2048
4906	EN	5023744	2048
4907	TL	5023744	2048
4908	EN	5025792	2048
4909	TL	5025792	2048
4910	EN	5027840	2048
4911	TL	5027840	2048
4912	EN	5029888	2048
4913	TL	5029888	2048
4914	EN	5031936	2048
4915	TL	5031936	2048
4916	EN	5033984	2048
4917	TL	5033984	2048
4918	EN	5036032	2048
4919	TL	5036032	2048
4920	EN	5038080	2048
4921	TL	5038080	2048
4922	EN	5040128	2048
4923	TL	5040128	2048
4924	EN	5042176	2048
4925	TL	5042176	2048
4926	EN	5044224	2048
4927	TL	5044224	2048
4928	EN	5046272	2048
4929	TL	5046272	2048
4930	EN	5048320	2048
4931	TL	5048320	2048
4932	EN	5050368	2048
4933	TL	5050368	2048
4934	EN	5052416	2048
4935	TL	5052416	2048
4936	EN	5054464	2048
4937	TL	5054464	2048
4938	EN	5056512	2048
4939	TL	5056512	2048
4940	EN	5058560	2048
4941	TL	5058560	2048
4942	EN	5060608	2048
4943	TL	5060608	2048
4944	EN	5062656	2048
4945	TL	5062656	2048
4946	EN	5064704	2048
4947	TL	5064704	2048
4948	EN	5066752	2048
4949	TL	5066752	2048
4950	EN	5068800	2048
4951	TL	5068800	2048
4952	EN	5070848	2048
4953	TL	5070848	2048
4954	EN	5072896	2048
4955	TL	5072896	2048
4956	EN	5074944	2048
4957	TL	5074944	2048
4958	EN	5076992	2048
4959	TL	5076992	2048
4960	EN	5079040	2048
4961	TL	5079040	2048
4962	EN	5081088	2048
4963	TL	5081088	2048
4964	EN	5083136	2048
4965	TL	5083136	2048
4966	EN	5085184	2048
4967	TL	5085184	2048
4968	EN	5087232	2048
4969	TL	5087232	2048
4970	EN	5089280	2048
4971	TL	5089280	2048
4972	EN	5091328	2048
4973	TL	5091328	2048
4974	EN	5093376	2048
4975	TL	5093376	2048
4976	EN	5095424	2048
4977	TL	5095424	2048
4978	EN	5097472	2048
4979	TL	5097472	2048
4980	EN	5099520	2048
4981	TL	5099520	2048
4982	EN	5101568	2048
4983	TL	5101568	2048
4984	EN	5103616	2048
4985	TL	5103616	2048
4986	EN	5105664	2048
4987	TL	5105664	2048
4988	EN	5107712	2048
4989	TL	5107712	2048
4990	EN	5109760	2048
4991	TL	5109760	2048
4992	EN	5111808	2048
4993	TL	5111808	2048
4994	EN	5113856	2048
4995	TL	5113856	2048
4996	EN	5115904	2048
4997	TL	5115904	2048
4998	EN	5117952	2048
4999	TL	5117952	2048
5000	EN	5120000	2048
5001	TL	5120000	2048
5002	EN	5122048	2048
5003	TL	5122048	2048
5004	EN	5124096	2048
5005	TL	5124096	2048
5006	EN	5126144	2048
5007	TL	5126144	2048
5008	EN	5128192	2048
5009	TL	5128192	2048
5010	EN	5130240	2048
5011	TL	5130240	2048
5012	EN	5132288	2048
5013	TL	5132288	2048
5014	EN	5134336	2048
5015	TL	5134336	2048
5016	EN	5136384	2048
5017	TL	5136384	2048
5018	EN	5138432	2048
5019	TL	5138432	2048
5020	EN	5140480	2048
5021	TL	5140480	2048
5022	EN	5142528	2048
5023	TL	5142528	2048
5024	EN	5144576	2048
5025	TL	5144576	2048
5026	EN	5146624	2048
5027	TL	5146624	2048
5028	EN	5148672	2048
5029	TL	5148672	2048
5030	EN	5150720	2048
5031	TL	5150720	2048
5032	EN	5152768	2048
5033	TL	5152768	2048
5034	EN	5154816	2048
5035	TL	5154816	2048
5036	EN	5156864	2048
5037	TL	5156864	2048
5038	EN	5158912	2048
5039	TL	5158912	2048
5040	EN	5160960	2048
5041	TL	5160960	2048
5042	EN	5163008	2048
5043	TL	5163008	2048
5044	EN	5165056	2048
5045	TL	5165056	2048
5046	EN	5167104	2048
5047	TL	5167104	2048
5048	EN	5169152	2048
5049	TL	5169152	2048
5050	EN	5171200	2048
5051	TL	5171200	2048
5052	EN	5173248	2048
5053	TL	5173248	2048
5054	EN	5175296	2048
5055	TL	5175296	2048
5056	EN	5177344	2048
5057	TL	5177344	2048
5058	EN	5179392	2048
5059	TL	5179392	2048
5060	EN	5181440	2048
5061	TL	5181440	2048
5062	EN	5183488	2048
5063	TL	5183488	2048
5064	EN	5185536	2048
5065	TL	5185536	2048
5066	EN	5187584	2048
5067	TL	5187584	2048
5068	EN	5189632	2048
5069	TL	5189632	2048
5070	EN	5191680	2048
5071	TL	5191680	2048
5072	EN	5193728	2048
5073	TL	5193728	2048
5074	EN	5195776	2048
5075	TL	5195776	2048
5076	EN	5197824	2048
5077	TL	5197824	2048
5078	EN	5199872	2048
5079	TL	5199872	2048
5080	EN	5201920	2048
5081	TL	5201920	2048
5082	EN	5203968	2048
5083	TL	5203968	2048
5084	EN	5206016	2048
5085	TL	5206016	2048
5086	EN	5208064	2048
5087	TL	5208064	2048
5088	EN	5210112	2048
5089	TL	5210112	2048
5090	EN	5212160	2048
5091	TL	5212160	2048
5092	EN	5214208	2048
5093	TL	5214208	2048
5094	EN	5216256	2048
5095	TL	5216256	2048
5096	EN	5218304	2048
5097	TL	5218304	2048
5098	EN	5220352	2048
5099	TL	5220352	2048
5100	EN	5222400	2048
5101	TL	5222400	2048
5102	EN	5224448	2048
5103	TL	5224448	2048
5104	EN	5226496	2048
5105	TL	5226496	2048
5106	EN	5228544	2048
5107	TL	5228544	2048
5108	EN	5230592	2048
5109	TL	5230592	2048
5110	EN	5232640	2048
5111	TL	5232640	2048
5112	EN	5234688	2048
5113	TL	5234688	2048
5114	EN	5236736	2048
5115	TL	5236736	2048
5116	EN	5238784	2048
5117	TL	5238784	2048
5118	EN	5240832	2048
5119	TL	5240832	2048
5120	EN	5242880	2048
5121	TL	5242880	2048
5122	EN	5244928	2048
5123	TL	5244928	2048
5124	EN	5246976	2048
5125	TL	5246976	2048
5126	EN	5249024	2048
5127	TL	5249024	2048
5128	EN	5251072	2048
5129	TL	5251072	2048
5130	EN	5253120	2048
5131	TL	5253120	2048
5132	EN	5255168	2048
5133	TL	5255168	2048
5134	EN	5257216	2048
5135	TL	5257216	2048
5136	EN	5259264	2048
5137	TL	5259264	2048
5138	EN	5261312	2048
5139	TL	5261312	2048
5140	EN	5263360	2048
5141	TL	5263360	2048
5142	EN	5265408	2048
5143	TL	5265408	2048
5144	EN	5267456	2048
5145	TL	5267456	2048
5146	EN	5269504	2048
5147	TL	5269504	2048
5148	EN	5271552	2048
5149	TL	5271552	2048
5150	EN	5273600	2048
5151	TL	5273600	2048
5152	EN	5275648	2048
5153	TL	5275648	2048
5154	EN	5277696	2048
5155	TL	5277696	2048
5156	EN	5279744	2048
5157	TL	5279744	2048
5158	EN	5281792	2048
5159	TL	5281792	2048
5160	EN	5283840	2048
5161	TL	5283840	2048
5162	EN	5285888	2048
5163	TL	5285888	2048
5164	EN	5287936	2048
5165	TL	5287936	2048
5166	EN	5289984	2048
5167	TL	5289984	2048
5168	EN	5292032	2048
5169	TL	5292032	2048
5170	EN	5294080	2048
5171	TL	5294080	2048
5172	EN	5296128	2048
5173	TL	5296128	2048
5174	EN	5298176	2048
5175	TL	5298176	2048
5176	EN	5300224	2048
5177	TL	5300224	2048
5178	EN	5302272	2048
5179	TL	5302272	2048
5180	EN	5304320	2048
5181	TL	5304320	2048
5182	EN	5306368	2048
5183	TL	5306368	2048
5184	EN	5308416	2048
5185	TL	5308416	2048
5186	EN	5310464	2048
5187	TL	5310464	2048
5188	EN	5312512	2048
5189	TL	5312512	2048
5190	EN	5314560	2048
5191	TL	5314560	2048
5192	EN	5316608	2048
5193	TL	5316608	2048
5194	EN	5318656	2048
5195	TL	5318656	2048
5196	EN	5320704	2048
5197	TL	5320704	2048
5198	EN	5322752	2048
5199	TL	5322752	2048
5200	EN	5324800	2048
5201	TL	5324800	2048
5202	EN	5326848	2048
5203	TL	5326848	2048
5204	EN	5328896	2048
5205	TL	5328896	2048
5206	EN	5330944	2048
5207	TL	5330944	2048
5208	EN	5332992	2048
5209	TL	5332992	2048
5210	EN	5335040	2048
5211	TL	5335040	2048
5212	EN	5337088	2048
5213	TL	5337088	2048
5214	EN	5339136	2048
5215	TL	5339136	2048
5216	EN	5341184	2048
5217	TL	5341184	2048
5218	EN	5343232	2048
5219	TL	5343232	2048
5220	EN	5345280	2048
5221	TL	5345280	2048
5222	EN	5347328	2048
5223	TL	5347328	2048
5224	EN	5349376	2048
5225	TL	5349376	2048
5226	EN	5351424	2048
5227	TL	5351424	2048
5228	EN	5353472	2048
5229	TL	5353472	2048
5230	EN	5355520	2048
5231	TL	5355520	2048
5232	EN	5357568	2048
5233	TL	5357568	2048
5234	EN	5359616	2048
5235	TL	5359616	2048
5236	EN	5361664	2048
5237	TL	5361664	2048
5238	EN	5363712	2048
5239	TL	5363712	2048
5240	EN	5365760	2048
5241	TL	5365760	2048
5242	EN	5367808	2048
5243	TL	5367808	2048
5244	EN	5369856	2048
5245	TL	5369856	2048
5246	EN	5371904	2048
5247	TL	5371904	2048
5248	EN	5373952	2048
5249	TL	5373952	2048
5250	EN	5376000	2048
5251	TL	5376000	2048
5252	EN	5378048	2048
5253	TL	5378048	2048
5254	EN	5380096	2048
5255	TL	5380096	2048
5256	EN	5382144	2048
5257	TL	5382144	2048
5258	EN	5384192	2048
5259	TL	5384192	2048
5260	EN	5386240	2048
5261	TL	5386240	2048
5262	EN	5388288	2048
5263	TL	5388288	2048
5264	EN	5390336	2048
5265	TL	5390336	2048
5266	EN	5392384	2048
5267	TL	5392384	2048
5268	EN	5394432	2048
5269	TL	5394432	2048
5270	EN	5396480	2048
5271	TL	5396480	2048
5272	EN	5398528	2048
5273	TL	5398528	2048
5274	EN	5400576	2048
5275	TL	5400576	2048
5276	EN	5402624	2048
5277	TL	5402624	2048
5278	EN	5404672	2048
5279	TL	5404672	2048
5280	EN	5406720	2048
5281	TL	5406720	2048
5282	EN	5408768	2048
5283	TL	5408768	2048
5284	EN	5410816	2048
5285	TL	5410816	2048
5286	EN	5412864	2048
5287	TL	5412864	2048
5288	EN	5414912	2048
5289	TL	5414912	2048
5290	EN	5416960	2048
5291	TL	5416960	2048
5292	EN	5419008	2048
5293	TL	5419008	2048
5294	EN	5421056	2048
5295	TL	5421056	2048
5296	EN	5423104	2048
5297	TL	5423104	2048
5298	EN	5425152	2048
5299	TL	5425152	2048
5300	EN	5427200	2048
5301	TL	5427200	2048
5302	EN	5429248	2048
5303	TL	5429248	2048
5304	EN	5431296	2048
5305	TL	5431296	2048
5306	EN	5433344	2048
5307	TL	5433344	2048
5308	EN	5435392	2048
5309	TL	5435392	2048
5310	EN	5437440	2048
5311	TL	5437440	2048
5312	EN	5439488	2048
5313	TL	5439488	2048
5314	EN	5441536	2048
5315	TL	5441536	2048
5316	EN	5443584	2048
5317	TL	5443584	2048
5318	EN	5445632	2048
5319	TL	5445632	2048
5320	EN	5447680	2048
5321	TL	5447680	2048
5322	EN	5449728	2048
5323	TL	5449728	2048
5324	EN	5451776	2048
5325	TL	5451776	2048
5326	EN	5453824	2048
5327	TL	5453824	2048
5328	EN	5455872	2048
5329	TL	5455872	2048
5330	EN	5457920	2048
5331	TL	5457920	2048
5332	EN	5459968	2048
5333	TL	5459968	2048
5334	EN	5462016	2048
5335	TL	5462016	2048
5336	EN	5464064	2048
5337	TL	5464064	2048
5338	EN	5466112	2048
5339	TL	5466112	2048
5340	EN	5468160	2048
5341	TL	5468160	2048
5342	EN	5470208	2048
5343	TL	5470208	2048
5344	EN	5472256	2048
5345	TL	5472256	2048
5346	EN	5474304	2048
5347	TL	5474304	2048
5348	EN	5476352	2048
5349	TL	5476352	2048
5350	EN	5478400	2048
5351	TL	5478400	2048
5352	EN	5480448	2048
5353	TL	5480448	2048
5354	EN	5482496	2048
5355	TL	5482496	2048
5356	EN	5484544	2048
5357	TL	5484544	2048
5358	EN	5486592	2048
5359	TL	5486592	2048
5360	EN	5488640	2048
5361	TL	5488640	2048
5362	EN	5490688	2048
5363	TL	5490688	2048
5364	EN	5492736	2048
5365	TL	5492736	2048
5366	EN	5494784	2048
5367	TL	5494784	2048
5368	EN	5496832	2048
5369	TL	5496832	2048
5370	EN	5498880	2048
5371	TL	5498880	2048
5372	EN	5500928	2048
5373	TL	5500928	2048
5374	EN	5502976	2048
5375	TL	5502976	2048
5376	EN	5505024	2048
5377	TL	5505024	2048
5378	EN	5507072	2048
5379	TL	5507072	2048
5380	EN	5509120	2048
5381	TL	5509120	2048
5382	EN	5511168	2048
5383	TL	5511168	2048
5384	EN	5513216	2048
5385	TL	5513216	2048
5386	EN	5515264	2048
5387	TL	5515264	2048
5388	EN	5517312	2048
5389	TL	5517312	2048
5390	EN	5519360	2048
5391	TL	5519360	2048
5392	EN	5521408	2048
5393	TL	5521408	2048
5394	EN	5523456	2048
5395	TL	5523456	2048
5396	EN	5525504	2048
5397	TL	5525504	2048
5398	EN	5527552	2048
5399	TL	5527552	2048
5400	EN	5529600	2048
5401	TL	5529600	2048
5402	EN	5531648	2048
5403	TL	5531648	2048
5404	EN	5533696	2048
5405	TL	5533696	2048
5406	EN	5535744	2048
5407	TL	5535744	2048
5408	EN	5537792	2048
5409	TL	5537792	2048
5410	EN	5539840	2048
5411	TL	5539840	2048
5412	EN	5541888	2048
5413	TL	5541888	2048
5414	EN	5543936	2048
5415	TL	5543936	2048
5416	EN	5545984	2048
5417	TL	5545984	2048
5418	EN	5548032	2048
5419	TL	5548032	2048
5420	EN	5550080	2048
5421	TL	5550080	2048
5422	EN	5552128	2048
5423	TL	5552128	2048
5424	EN	5554176	2048
5425	TL	5554176	2048
5426	EN	5556224	2048
5427	TL	5556224	2048
5428	EN	5558272	2048
5429	TL	5558272	2048
5430	EN	5560320	2048
5431	TL	5560320	2048
5432	EN	5562368	2048
5433	TL	5562368	2048
5434	EN	5564416	2048
5435	TL	5564416	2048
5436	EN	5566464	2048
5437	TL	5566464	2048
5438	EN	5568512	2048
5439	TL	5568512	2048
5440	EN	5570560	2048
5441	TL	5570560	2048
5442	EN	5572608	2048
5443	TL	5572608	2048
5444	EN	5574656	2048
5445	TL	5574656	2048
5446	EN	5576704	2048
5447	TL	5576704	2048
5448	EN	5578752	2048
5449	TL	5578752	2048
5450	EN	5580800	2048
5451	TL	5580800	2048
5452	EN	5582848	2048
5453	TL	5582848	2048
5454	EN	5584896	2048
5455	TL	5584896	2048
5456	EN	5586944	2048
5457	TL	5586944	2048
5458	EN	5588992	2048
5459	TL	5588992	2048
5460	EN	5591040	2048
5461	TL	5591040	2048
5462	EN	5593088	2048
5463	TL	5593088	2048
5464	EN	5595136	2048
5465	TL	5595136	2048
5466	EN	5597184	2048
5467	TL	5597184	2048
5468	EN	5599232	2048
5469	TL	5599232	2048
5470	EN	5601280	2048
5471	TL	5601280	2048
5472	EN	5603328	2048
5473	TL	5603328	2048
5474	EN	5605376	2048
5475	TL	5605376	2048
5476	EN	5607424	2048
5477	TL	5607424	2048
5478	EN	5609472	2048
5479	TL	5609472	2048
5480	EN	5611520	2048
5481	TL	5611520	2048
5482	EN	5613568	2048
5483	TL	5613568	2048
5484	EN	5615616	2048
5485	TL	5615616	2048
5486	EN	5617664	2048
5487	TL	5617664	2048
5488	EN	5619712	2048
5489	TL	5619712	2048
5490	EN	5621760	2048
5491	TL	5621760	2048
5492	EN	5623808	2048
5493	TL	5623808	2048
5494	EN	5625856	2048
5495	TL	5625856	2048
5496	EN	5627904	2048
5497	TL	5627904	2048
5498	EN	5629952	2048
5499	TL	5629952	2048
5500	EN	5632000	2048
5501	TL	5632000	2048
5502	EN	5634048	2048
5503	TL	5634048	2048
5504	EN	5636096	2048
5505	TL	5636096	2048
5506	EN	5638144	2048
5507	TL	5638144	2048
5508	EN	5640192	2048
5509	TL	5640192	2048
5510	EN	5642240	2048
5511	TL	5642240	2048
5512	EN	5644288	2048
5513	TL	5644288	2048
5514	EN	5646336	2048
5515	TL	5646336	2048
5516	EN	5648384	2048
5517	TL	5648384	2048
5518	EN	5650432	2048
5519	TL	5650432	2048
5520	EN	5652480	2048
5521	TL	5652480	2048
5522	EN	5654528	2048
5523	TL	5654528	2048
5524	EN	5656576	2048
5525	TL	5656576	2048
5526	EN	5658624	2048
5527	TL	5658624	2048
5528	EN	5660672	2048
5529	TL	5660672	2048
5530	EN	5662720	2048
5531	TL	5662720	2048
5532	EN	5664768	2048
5533	TL	5664768	2048
5534	EN	5666816	2048
5535	TL	5666816	2048
5536	EN	5668864	2048
5537	TL	5668864	2048
5538	EN	5670912	2048
5539	TL	5670912	2048
5540	EN	5672960	2048
5541	TL	5672960	2048
5542	EN	5675008	2048
5543	TL	5675008	2048
5544	EN	5677056	2048
5545	TL	5677056	2048
5546	EN	5679104	2048
5547	TL	5679104	2048
5548	EN	5681152	2048
5549	TL	5681152	2048
5550	EN	5683200	2048
5551	TL	5683200	2048
5552	EN	5685248	2048
5553	TL	5685248	2048
5554	EN	5687296	2048
5555	TL	5687296	2048
5556	EN	5689344	2048
5557	TL	5689344	2048
5558	EN	5691392	2048
5559	TL	5691392	2048
5560	EN	5693440	2048
5561	TL	5693440	2048
5562	EN	5695488	2048
5563	TL	5695488	2048
5564	EN	5697536	2048
5565	TL	5697536	2048
5566	EN	5699584	2048
5567	TL	5699584	2048
5568	EN	5701632	2048
5569	TL	5701632	2048
5570	EN	5703680	2048
5571	TL	5703680	2048
5572	EN	5705728	2048
5573	TL	5705728	2048
5574	EN	5707776	2048
5575	TL	5707776	2048
5576	EN	5709824	2048
5577	TL	5709824	2048
5578	EN	5711872	2048
5579	TL	5711872	2048
5580	EN	5713920	2048
5581	TL	5713920	2048
5582	EN	5715968	2048
5583	TL	5715968	2048
5584	EN	5718016	2048
5585	TL	5718016	2048
5586	EN	5720064	2048
5587	TL	5720064	2048
5588	EN	5722112	2048
5589	TL	5722112	2048
5590	EN	5724160	2048
5591	TL	5724160	2048
5592	EN	5726208	2048
5593	TL	5726208	2048
5594	EN	5728256	2048
5595	TL	5728256	2048
5596	EN	5730304	2048
5597	TL	5730304	2048
5598	EN	5732352	2048
5599	TL	5732352	2048
5600	EN	5734400	2048
5601	TL	5734400	2048
5602	EN	5736448	2048
5603	TL	5736448	2048
5604	EN	5738496	2048
5605	TL	5738496	2048
5606	EN	5740544	2048
5607	TL	5740544	2048
5608	EN	5742592	2048
5609	TL	5742592	2048
5610	EN	5744640	2048
5611	TL	5744640	2048
5612	EN	5746688	2048
5613	TL	5746688	2048
5614	EN	5748736	2048
5615	TL	5748736	2048
5616	EN	5750784	2048
5617	TL	5750784	2048
5618	EN	5752832	2048
5619	TL	5752832	2048
5620	EN	5754880	2048
5621	TL	5754880	2048
5622	EN	5756928	2048
5623	TL	5756928	2048
5624	EN	5758976	2048
5625	TL	5758976	2048
5626	EN	5761024	2048
5627	TL	5761024	2048
5628	EN	5763072	2048
5629	TL	5763072	2048
5630	EN	5765120	2048
5631	TL	5765120	2048
5632	EN	5767168	2048
5633	TL	5767168	2048
5634	EN	5769216	2048
5635	TL	5769216	2048
5636	EN	5771264	2048
5637	TL	5771264	2048
5638	EN	5773312	2048
5639	TL	5773312	2048
5640	EN	5775360	2048
5641	TL	5775360	2048
5642	EN	5777408	2048
5643	TL	5777408	2048
5644	EN	5779456	2048
5645	TL	5779456	2048
5646	EN	5781504	2048
5647	TL	5781504	2048
5648	EN	5783552	2048
5649	TL	5783552	2048
5650	EN	5785600	2048
5651	TL	5785600	2048
5652	EN	5787648	2048
5653	TL	5787648	2048
5654	EN	5789696	2048
5655	TL	5789696	2048
5656	EN	5791744	2048
5657	TL	5791744	2048
5658	EN	5793792	2048
5659	TL	5793792	2048
5660	EN	5795840	2048
5661	TL	5795840	2048
5662	EN	5797888	2048
5663	TL	5797888	2048
5664	EN	5799936	2048
5665	TL	5799936	2048
5666	EN	5801984	2048
5667	TL	5801984	2048
5668	EN	5804032	2048
5669	TL	5804032	2048
5670	EN	5806080	2048
5671	TL	5806080	2048
5672	EN	5808128	2048
5673	TL	5808128	2048
5674	EN	5810176	2048
5675	TL	5810176	2048
5676	EN	5812224	2048
5677	TL	5812224	2048
5678	EN	5814272	2048
5679	TL	5814272	2048
5680	EN	5816320	2048
5681	TL	5816320	2048
5682	EN	5818368	2048
5683	TL	5818368	2048
5684	EN	5820416	2048
5685	TL	5820416	2048
5686	EN	5822464	2048
5687	TL	5822464	2048
5688	EN	5824512	2048
5689	TL	5824512	2048
5690	EN	5826560	2048
5691	TL	5826560	2048
5692	EN	5828608	2048
5693	TL	5828608	2048
5694	EN	5830656	2048
5695	TL	5830656	2048
5696	EN	5832704	2048
5697	TL	5832704	2048
5698	EN	5834752	2048
5699	TL	5834752	2048
5700	EN	5836800	2048
5701	TL	5836800	2048
5702	EN	5838848	2048
5703	TL	5838848	2048
5704	EN	5840896	2048
5705	TL	5840896	2048
5706	EN	5842944	2048
5707	TL	5842944	2048
5708	EN	5844992	2048
5709	TL	5844992	2048
5710	EN	5847040	2048
5711	TL	5847040	2048
5712	EN	5849088	2048
5713	TL	5849088	2048
5714	EN	5851136	2048
5715	TL	5851136	2048
5716	EN	5853184	2048
5717	TL	5853184	2048
5718	EN	5855232	2048
5719	TL	5855232	2048
5720	EN	5857280	2048
5721	TL	5857280	2048
5722	EN	5859328	2048
5723	TL	5859328	2048
5724	EN	5861376	2048
5725	TL	5861376	2048
5726	EN	5863424	2048
5727	TL	5863424	2048
5728	EN	5865472	2048
5729	TL	5865472	2048
5730	EN	5867520	2048
5731	TL	5867520	2048
5732	EN	5869568	2048
5733	TL	5869568	2048
5734	EN	5871616	2048
5735	TL	5871616	2048
5736	EN	5873664	2048
5737	TL	5873664	2048
5738	EN	5875712	2048
5739	TL	5875712	2048
5740	EN	5877760	2048
5741	TL	5877760	2048
5742	EN	5879808	2048
5743	TL	5879808	2048
5744	EN	5881856	2048
5745	TL	5881856	2048
5746	EN	5883904	2048
5747	TL	5883904	2048
5748	EN	5885952	2048
5749	TL	5885952	2048
5750	EN	5888000	2048
5751	TL	5888000	2048
5752	EN	5890048	2048
5753	TL	5890048	2048
5754	EN	5892096	2048
5755	TL	5892096	2048
5756	EN	5894144	2048
5757	TL	5894144	2048
5758	EN	5896192	2048
5759	TL	5896192	2048
5760	EN	5898240	2048
5761	TL	5898240	2048
5762	EN	5900288	2048
5763	TL	5900288	2048
5764	EN	5902336	2048
5765	TL	5902336	2048
5766	EN	5904384	2048
5767	TL	5904384	2048
5768	EN	5906432	2048
5769	TL	5906432	2048
5770	EN	5908480	2048
5771	TL	5908480	2048
5772	EN	5910528	2048
5773	TL	5910528	2048
5774	EN	5912576	2048
5775	TL	5912576	2048
5776	EN	5914624	2048
5777	TL	5914624	2048
5778	EN	5916672	2048
5779	TL	5916672	2048
5780	EN	5918720	2048
5781	TL	5918720	2048
5782	EN	5920768	2048
5783	TL	5920768	2048
5784	EN	5922816	2048
5785	TL	5922816	2048
5786	EN	5924864	2048
5787	TL	5924864	2048
5788	EN	5926912	2048
5789	TL	5926912	2048
5790	EN	5928960	2048
5791	TL	5928960	2048
5792	EN	5931008	2048
5793	TL	5931008	2048
5794	EN	5933056	2048
5795	TL	5933056	2048
5796	EN	5935104	2048
5797	TL	5935104	2048
5798	EN	5937152	2048
5799	TL	5937152	2048
5800	EN	5939200	2048
5801	TL	5939200	2048
5802	EN	5941248	2048
5803	TL	5941248	2048
5804	EN	5943296	2048
5805	TL	5943296	2048
5806	EN	5945344	2048
5807	TL	5945344	2048
5808	EN	5947392	2048
5809	TL	5947392	2048
5810	EN	5949440	2048
5811	TL	5949440	2048
5812	EN	5951488	2048
5813	TL	5951488	2048
5814	EN	5953536	2048
5815	TL	5953536	2048
5816	EN	5955584	2048
5817	TL	5955584	2048
5818	EN	5957632	2048
5819	TL	5957632	2048
5820	EN	5959680	2048
5821	TL	5959680	2048
5822	EN	5961728	2048
5823	TL	5961728	2048
5824	EN	5963776	2048
5825	TL	5963776	2048
5826	EN	5965824	2048
5827	TL	5965824	2048
5828	EN	5967872	2048
5829	TL	5967872	2048
5830	EN	5969920	2048
5831	TL	5969920	2048
5832	EN	5971968	2048
5833	TL	5971968	2048
5834	EN	5974016	2048
5835	TL	5974016	2048
5836	EN	5976064	2048
5837	TL	5976064	2048
5838	EN	5978112	2048
5839	TL	5978112	2048
5840	EN	5980160	2048
5841	TL	5980160	2048
5842	EN	5982208	2048
5843	TL	5982208	2048
5844	EN	5984256	2048
5845	TL	5984256	2048
5846	EN	5986304	2048
5847	TL	5986304	2048
5848	EN	5988352	2048
5849	TL	5988352	2048
5850	EN	5990400	2048
5851	TL	5990400	2048
5852	EN	5992448	2048
5853	TL	5992448	2048
5854	EN	5994496	2048
5855	TL	5994496	2048
5856	EN	5996544	2048
5857	TL	5996544	2048
5858	EN	5998592	2048
5859	TL	5998592	2048
5860	EN	6000640	2048
5861	TL	6000640	2048
5862	EN	6002688	2048
5863	TL	6002688	2048
5864	EN	6004736	2048
5865	TL	6004736	2048
5866	EN	6006784	2048
5867	TL	6006784	2048
5868	EN	6008832	2048
5869	TL	6008832	2048
5870	EN	6010880	2048
5871	TL	6010880	2048
5872	EN	6012928	2048
5873	TL	6012928	2048
5874	EN	6014976	2048
5875	TL	6014976	2048
5876	EN	6017024	2048
5877	TL	6017024	2048
5878	EN	6019072	2048
5879	TL	6019072	2048
5880	EN	6021120	2048
5881	TL	6021120	2048
5882	EN	6023168	2048
5883	TL	6023168	2048
5884	EN	6025216	2048
5885	TL	6025216	2048
5886	EN	6027264	2048
5887	TL	6027264	2048
5888	EN	6029312	2048
5889	TL	6029312	2048
5890	EN	6031360	2048
5891	TL	6031360	2048
5892	EN	6033408	2048
5893	TL	6033408	2048
5894	EN	6035456	2048
5895	TL	6035456	2048
5896	EN	6037504	2048
5897	TL	6037504	2048
5898	EN	6039552	2048
5899	TL	6039552	2048
5900	EN	6041600	2048
5901	TL	6041600	2048
5902	EN	6043648	2048
5903	TL	6043648	2048
5904	EN	6045696	2048
5905	TL	6045696	2048
5906	EN	6047744	2048
5907	TL	6047744	2048
5908	EN	6049792	2048
5909	TL	6049792	2048
5910	EN	6051840	2048
5911	TL	6051840	2048
5912	EN	6053888	2048
5913	TL	6053888	2048
5914	EN	6055936	2048
5915	TL	6055936	2048
5916	EN	6057984	2048
5917	TL	6057984	2048
5918	EN	6060032	2048
5919	TL	6060032	2048
5920	EN	6062080	2048
5921	TL	6062080	2048
5922	EN	6064128	2048
5923	TL	6064128	2048
5924	EN	6066176	2048
5925	TL	6066176	2048
5926	EN	6068224	2048
5927	TL	6068224	2048
5928	EN	6070272	2048
5929	TL	6070272	2048
5930	EN	6072320	2048
5931	TL	6072320	2048
5932	EN	6074368	2048
5933	TL	6074368	2048
5934	EN	6076416	2048
5935	TL	6076416	2048
5936	EN	6078464	2048
5937	TL	6078464	2048
5938	EN	6080512	2048
5939	TL	6080512	2048
5940	EN	6082560	2048
5941	TL	6082560	2048
5942	EN	6084608	2048
5943	TL	6084608	2048
5944	EN	6086656	2048
5945	TL	6086656	2048
5946	EN	6088704	2048
5947	TL	6088704	2048
5948	EN	6090752	2048
5949	TL	6090752	2048
5950	EN	6092800	2048
5951	TL	6092800	2048
5952	EN	6094848	2048
5953	TL	6094848	2048
5954	EN	6096896	2048
5955	TL	6096896	2048
5956	EN	6098944	2048
5957	TL	6098944	2048
5958	EN	6100992	2048
5959	TL	6100992	2048
5960	EN	6103040	2048
5961	TL	6103040	2048
5962	EN	6105088	2048
5963	TL	6105088	2048
5964	EN	6107136	2048
5965	TL	6107136	2048
5966	EN	6109184	2048
5967	TL	6109184	2048
5968	EN	6111232	2048
5969	TL	6111232	2048
5970	EN	6113280	2048
5971	TL	6113280	2048
5972	EN	6115328	2048
5973	TL	6115328	2048
5974	EN	6117376	2048
5975	TL	6117376	2048
5976	EN	6119424	2048
5977	TL	6119424	2048
5978	EN	6121472	2048
5979	TL	6121472	2048
5980	EN	6123520	2048
5981	TL	6123520	2048
5982	EN	6125568	2048
5983	TL	6125568	2048
5984	EN	6127616	2048
5985	TL	6127616	2048
5986	EN	6129664	2048
5987	TL	6129664	2048
5988	EN	6131712	2048
5989	TL	6131712	2048
5990	EN	6133760	2048
5991	TL	6133760	2048
5992	EN	6135808	2048
5993	TL	6135808	2048
5994	EN	6137856	2048
5995	TL	6137856	2048
5996	EN	6139904	2048
5997	TL	6139904	2048
5998	EN	6141952	2048
5999	TL	6141952	2048
6000	EN	6144000	2048
6001	TL	6144000	2048
6002	EN	6146048	2048
6003	TL	6146048	2048
6004	EN	6148096	2048
6005	TL	6148096	2048
6006	EN	6150144	2048
6007	TL	6150144	2048
6008	EN	6152192	2048
6009	TL	6152192	2048
6010	EN	6154240	2048
6011	TL	6154240	2048
6012	EN	6156288	2048
6013	TL	6156288	2048
6014	EN	6158336	2048
6015	TL	6158336	2048
6016	EN	6160384	2048
6017	TL	6160384	2048
6018	EN	6162432	2048
6019	TL	6162432	2048
6020	EN	6164480	2048
6021	TL	6164480	2048
6022	EN	6166528	2048
6023	TL	6166528	2048
6024	EN	6168576	2048
6025	TL	6168576	2048
6026	EN	6170624	2048
6027	TL	6170624	2048
6028	EN	6172672	2048
6029	TL	6172672	2048
6030	EN	6174720	2048
6031	TL	6174720	2048
6032	EN	6176768	2048
6033	TL	6176768	2048
6034	EN	6178816	2048
6035	TL	6178816	2048
6036	EN	6180864	2048
6037	TL	6180864	2048
6038	EN	6182912	2048
6039	TL	6182912	2048
6040	EN	6184960	2048
6041	TL	6184960	2048
6042	EN	6187008	2048
6043	TL	6187008	2048
6044	EN	6189056	2048
6045	TL	6189056	2048
6046	EN	6191104	2048
6047	TL	6191104	2048
6048	EN	6193152	2048
6049	TL	6193152	2048
6050	EN	6195200	2048
6051	TL	6195200	2048
6052	EN	6197248	2048
6053	TL	6197248	2048
6054	EN	6199296	2048
6055	TL	6199296	2048
6056	EN	6201344	2048
6057	TL	6201344	2048
6058	EN	6203392	2048
6059	TL	6203392	2048
6060	EN	6205440	2048
6061	TL	6205440	2048
6062	EN	6207488	2048
6063	TL	6207488	2048
6064	EN	6209536	2048
6065	TL	6209536	2048
6066	EN	6211584	2048
6067	TL	6211584	2048
6068	EN	6213632	2048
6069	TL	6213632	2048
6070	EN	6215680	2048
6071	TL	6215680	2048
6072	EN	6217728	2048
6073	TL	6217728	2048
6074	EN	6219776	2048
6075	TL	6219776	2048
6076	EN	6221824	2048
6077	TL	6221824	2048
6078	EN	6223872	2048
6079	TL	6223872	2048
6080	EN	6225920	2048
6081	TL	6225920	2048
6082	EN	6227968	2048
6083	TL	6227968	2048
6084	EN	6230016	2048
6085	TL	6230016	2048
6086	EN	6232064	2048
6087	TL	6232064	2048
6088	EN	6234112	2048
6089	TL	6234112	2048
6090	EN	6236160	2048
6091	TL	6236160	2048
6092	EN	6238208	2048
6093	TL	6238208	2048
6094	EN	6240256	2048
6095	TL	6240256	2048
6096	EN	6242304	2048
6097	TL	6242304	2048
6098	EN	6244352	2048
6099	TL	6244352	2048
6100	EN	6246400	2048
6101	TL	6246400	2048
6102	EN	6248448	2048
6103	TL	6248448	2048
6104	EN	6250496	2048
6105	TL	6250496	2048
6106	EN	6252544	2048
6107	TL	6252544	2048
6108	EN	6254592	2048
6109	TL	6254592	2048
6110	EN	6256640	2048
6111	TL	6256640	2048
6112	EN	6258688	2048
6113	TL	6258688	2048
6114	EN	6260736	2048
6115	TL	6260736	2048
6116	EN	6262784	2048
6117	TL	6262784	2048
6118	EN	6264832	2048
6119	TL	6264832	2048
6120	EN	6266880	2048
6121	TL	6266880	2048
6122	EN	6268928	2048
6123	TL	6268928	2048
6124	EN	6270976	2048
6125	TL	6270976	2048
6126	EN	6273024	2048
6127	TL	6273024	2048
6128	EN	6275072	2048
6129	TL	6275072	2048
6130	EN	6277120	2048
6131	TL	6277120	2048
6132	EN	6279168	2048
6133	TL	6279168	2048
6134	EN	6281216	2048
6135	TL	6281216	2048
6136	EN	6283264	2048
6137	TL	6283264	2048
6138	EN	6285312	2048
6139	TL	6285312	2048
6140	EN	6287360	2048
6141	TL	6287360	2048
6142	EN	6289408	2048
6143	TL	6289408	2048
6144	EN	6291456	2048
6145	TL	6291456	2048
6146	EN	6293504	2048
6147	TL	6293504	2048
6148	EN	6295552	2048
6149	TL	6295552	2048
6150	EN	6297600	2048
6151	TL	6297600	2048
6152	EN	6299648	2048
6153	TL	6299648	2048
6154	EN	6301696	2048
6155	TL	6301696	2048
6156	EN	6303744	2048
6157	TL	6303744	2048
6158	EN	6305792	2048
6159	TL	6305792	2048
6160	EN	6307840	2048
6161	TL	6307840	2048
6162	EN	6309888	2048
6163	TL	6309888	2048
6164	EN	6311936	2048
6165	TL	6311936	2048
6166	EN	6313984	2048
6167	TL	6313984	2048
6168	EN	6316032	2048
6169	TL	6316032	2048
6170	EN	6318080	2048
6171	TL	6318080	2048
6172	EN	6320128	2048
6173	TL	6320128	2048
6174	EN	6322176	2048
6175	TL	6322176	2048
6176	EN	6324224	2048
6177	TL	6324224	2048
6178	EN	6326272	2048
6179	TL	6326272	2048
6180	EN	6328320	2048
6181	TL	6328320	2048
6182	EN	6330368	2048
6183	TL	6330368	2048
6184	EN	6332416	2048
6185	TL	6332416	2048
6186	EN	6334464	2048
6187	TL	6334464	2048
6188	EN	6336512	2048
6189	TL	6336512	2048
6190	EN	6338560	2048
6191	TL	6338560	2048
6192	EN	6340608	2048
6193	TL	6340608	2048
6194	EN	6342656	2048
6195	TL	6342656	2048
6196	EN	6344704	2048
6197	TL	6344704	2048
6198	EN	6346752	2048
6199	TL	6346752	2048
6200	EN	6348800	2048
6201	TL	6348800	2048
6202	EN	6350848	2048
6203	TL	6350848	2048
6204	EN	6352896	2048
6205	TL	6352896	2048
6206	EN	6354944	2048
6207	TL	6354944	2048
6208	EN	6356992	2048
6209	TL	6356992	2048
6210	EN	6359040	2048
6211	TL	6359040	2048
6212	EN	6361088	2048
6213	TL	6361088	2048
6214	EN	6363136	2048
6215	TL	6363136	2048
6216	EN	6365184	2048
6217	TL	6365184	2048
6218	EN	6367232	2048
6219	TL	6367232	2048
6220	EN	6369280	2048
6221	TL	6369280	2048
6222	EN	6371328	2048
6223	TL	6371328	2048
6224	EN	6373376	2048
6225	TL	6373376	2048
6226	EN	6375424	2048
6227	TL	6375424	2048
6228	EN	6377472	2048
6229	TL	6377472	2048
6230	EN	6379520	2048
6231	TL	6379520	2048
6232	EN	6381568	2048
6233	TL	6381568	2048
6234	EN	6383616	2048
6235	TL	6383616	2048
6236	EN	6385664	2048
6237	TL	6385664	2048
6238	EN	6387712	2048
6239	TL	6387712	2048
6240	EN	6389760	2048
6241	TL	6389760	2048
6242	EN	6391808	2048
6243	TL	6391808	2048
6244	EN	6393856	2048
6245	TL	6393856	2048
6246	EN	6395904	2048
6247	TL	6395904	2048
6248	EN	6397952	2048
6249	TL	6397952	2048
6250	EN	6400000	2048
6251	TL	6400000	2048
6252	EN	6402048	2048
6253	TL	6402048	2048
6254	EN	6404096	2048
6255	TL	6404096	2048
6256	EN	6406144	2048
6257	TL	6406144	2048
6258	EN	6408192	2048
6259	TL	6408192	2048
6260	EN	6410240	2048
6261	TL	6410240	2048
6262	EN	6412288	2048
6263	TL	6412288	2048
6264	EN	6414336	2048
6265	TL	6414336	2048
6266	EN	6416384	2048
6267	TL	6416384	2048
6268	EN	6418432	2048
6269	TL	6418432	2048
6270	EN	6420480	2048
6271	TL	6420480	2048
6272	EN	6422528	2048
6273	TL	6422528	2048
6274	EN	6424576	2048
6275	TL	6424576	2048
6276	EN	6426624	2048
6277	TL	6426624	2048
6278	EN	6428672	2048
6279	TL	6428672	2048
6280	EN	6430720	2048
6281	TL	6430720	2048
6282	EN	6432768	2048
6283	TL	6432768	2048
6284	EN	6434816	2048
6285	TL	6434816	2048
6286	EN	6436864	2048
6287	TL	6436864	2048
6288	EN	6438912	2048
6289	TL	6438912	2048
6290	EN	6440960	2048
6291	TL	6440960	2048
6292	EN	6443008	2048
6293	TL	6443008	2048
6294	EN	6445056	2048
6295	TL	6445056	2048
6296	EN	6447104	2048
6297	TL	6447104	2048
6298	EN	6449152	2048
6299	TL	6449152	2048
6300	EN	6451200	2048
6301	TL	6451200	2048
6302	EN	6453248	2048
6303	TL	6453248	2048
6304	EN	6455296	2048
6305	TL	6455296	2048
6306	EN	6457344	2048
6307	TL	6457344	2048
6308	EN	6459392	2048
6309	TL	6459392	2048
6310	EN	6461440	2048
6311	TL	6461440	2048
6312	EN	6463488	2048
6313	TL	6463488	2048
6314	EN	6465536	2048
6315	TL	6465536	2048
6316	EN	6467584	2048
6317	TL	6467584	2048
6318	EN	6469632	2048
6319	TL	6469632	2048
6320	EN	6471680	2048
6321	TL	6471680	2048
6322	EN	6473728	2048
6323	TL	6473728	2048
6324	EN	6475776	2048
6325	TL	6475776	2048
6326	EN	6477824	2048
6327	TL	6477824	2048
6328	EN	6479872	2048
6329	TL	6479872	2048
6330	EN	6481920	2048
6331	TL	6481920	2048
6332	EN	6483968	2048
6333	TL	6483968	2048
6334	EN	6486016	2048
6335	TL	6486016	2048
6336	EN	6488064	2048
6337	TL	6488064	2048
6338	EN	6490112	2048
6339	TL	6490112	2048
6340	EN	6492160	2048
6341	TL	6492160	2048
6342	EN	6494208	2048
6343	TL	6494208	2048
6344	EN	6496256	2048
6345	TL	6496256	2048
6346	EN	6498304	2048
6347	TL	6498304	2048
6348	EN	6500352	2048
6349	TL	6500352	2048
6350	EN	6502400	2048
6351	TL	6502400	2048
6352	EN	6504448	2048
6353	TL	6504448	2048
6354	EN	6506496	2048
6355	TL	6506496	2048
6356	EN	6508544	2048
6357	TL	6508544	2048
6358	EN	6510592	2048
6359	TL	6510592	2048
6360	EN	6512640	2048
6361	TL	6512640	2048
6362	EN	6514688	2048
6363	TL	6514688	2048
6364	EN	6516736	2048
6365	TL	6516736	2048
6366	EN	6518784	2048
6367	TL	6518784	2048
6368	EN	6520832	2048
6369	TL	6520832	2048
6370	EN	6522880	2048
6371	TL	6522880	2048
6372	EN	6524928	2048
6373	TL	6524928	2048
6374	EN	6526976	2048
6375	TL	6526976	2048
6376	EN	6529024	2048
6377	TL	6529024	2048
6378	EN	6531072	2048
6379	TL	6531072	2048
6380	EN	6533120	2048
6381	TL	6533120	2048
6382	EN	6535168	2048
6383	TL	6535168	2048
6384	EN	6537216	2048
6385	TL	6537216	2048
6386	EN	6539264	2048
6387	TL	6539264	2048
6388	EN	6541312	2048
6389	TL	6541312	2048
6390	EN	6543360	2048
6391	TL	6543360	2048
6392	EN	6545408	2048
6393	TL	6545408	2048
6394	EN	6547456	2048
6395	TL	6547456	2048
6396	EN	6549504	2048
6397	TL	6549504	2048
6398	EN	6551552	2048
6399	TL	6551552	2048
6400	EN	6553600	2048
6401	TL	6553600	2048
6402	EN	6555648	2048
6403	TL	6555648	2048
6404	EN	6557696	2048
6405	TL	6557696	2048
6406	EN	6559744	2048
6407	TL	6559744	2048
6408	EN	6561792	2048
6409	TL	6561792	2048
6410	EN	6563840	2048
6411	TL	6563840	2048
6412	EN	6565888	2048
6413	TL	6565888	2048
6414	EN	6567936	2048
6415	TL	6567936	2048
6416	EN	6569984	2048
6417	TL	6569984	2048
6418	EN	6572032	2048
6419	TL	6572032	2048
6420	EN	6574080	2048
6421	TL	6574080	2048
6422	EN	6576128	2048
6423	TL	6576128	2048
6424	EN	6578176	2048
6425	TL	6578176	2048
6426	EN	6580224	2048
6427	TL	6580224	2048
6428	EN	6582272	2048
6429	TL	6582272	2048
6430	EN	6584320	2048
6431	TL	6584320	2048
6432	EN	6586368	2048
6433	TL	6586368	2048
6434	EN	6588416	2048
6435	TL	6588416	2048
6436	EN	6590464	2048
6437	TL	6590464	2048
6438	EN	6592512	2048
6439	TL	6592512	2048
6440	EN	6594560	2048
6441	TL	6594560	2048
6442	EN	6596608	2048
6443	TL	6596608	2048
6444	EN	6598656	2048
6445	TL	6598656	2048
6446	EN	6600704	2048
6447	TL	6600704	2048
6448	EN	6602752	2048
6449	TL	6602752	2048
6450	EN	6604800	2048
6451	TL	6604800	2048
6452	EN	6606848	2048
6453	TL	6606848	2048
6454	EN	6608896	2048
6455	TL	6608896	2048
6456	EN	6610944	2048
6457	TL	6610944	2048
6458	EN	6612992	2048
6459	TL	6612992	2048
6460	EN	6615040	2048
6461	TL	6615040	2048
6462	EN	6617088	2048
6463	TL	6617088	2048
6464	EN	6619136	2048
6465	TL	6619136	2048
6466	EN	6621184	2048
6467	TL	6621184	2048
6468	EN	6623232	2048
6469	TL	6623232	2048
6470	EN	6625280	2048
6471	TL	6625280	2048
6472	EN	6627328	2048
6473	TL	6627328	2048
6474	EN	6629376	2048
6475	TL	6629376	2048
6476	EN	6631424	2048
6477	TL	6631424	2048
6478	EN	6633472	2048
6479	TL	6633472	2048
6480	EN	6635520	2048
6481	TL	6635520	2048
6482	EN	6637568	2048
6483	TL	6637568	2048
6484	EN	6639616	2048
6485	TL	6639616	2048
6486	EN	6641664	2048
6487	TL	6641664	2048
6488	EN	6643712	2048
6489	TL	6643712	2048
6490	EN	6645760	2048
6491	TL	6645760	2048
6492	EN	6647808	2048
6493	TL	6647808	2048
6494	EN	6649856	2048
6495	TL	6649856	2048
6496	EN	6651904	2048
6497	TL	6651904	2048
6498	EN	6653952	2048
6499	TL	6653952	2048
6500	EN	6656000	2048
6501	TL	6656000	2048
6502	EN	6658048	2048
6503	TL	6658048	2048
6504	EN	6660096	2048
6505	TL	6660096	2048
6506	EN	6662144	2048
6507	TL	6662144	2048
6508	EN	6664192	2048
6509	TL	6664192	2048
6510	EN	6666240	2048
6511	TL	6666240	2048
6512	EN	6668288	2048
6513	TL	6668288	2048
6514	EN	6670336	2048
6515	TL	6670336	2048
6516	EN	6672384	2048
6517	TL	6672384	2048
6518	EN	6674432	2048
6519	TL	6674432	2048
6520	EN	6676480	2048
6521	TL	6676480	2048
6522	EN	6678528	2048
6523	TL	6678528	2048
6524	EN	6680576	2048
6525	TL	6680576	2048
6526	EN	6682624	2048
6527	TL	6682624	2048
6528	EN	6684672	2048
6529	TL	6684672	2048
6530	EN	6686720	2048
6531	TL	6686720	2048
6532	EN	6688768	2048
6533	TL	6688768	2048
6534	EN	6690816	2048
6535	TL	6690816	2048
6536	EN	6692864	2048
6537	TL	6692864	2048
6538	EN	6694912	2048
6539	TL	6694912	2048
6540	EN	6696960	2048
6541	TL	6696960	2048
6542	EN	6699008	2048
6543	TL	6699008	2048
6544	EN	6701056	2048
6545	TL	6701056	2048
6546	EN	6703104	2048
6547	TL	6703104	2048
6548	EN	6705152	2048
6549	TL	6705152	2048
6550	EN	6707200	2048
6551	TL	6707200	2048
6552	EN	6709248	2048
6553	TL	6709248	2048
6554	EN	6711296	2048
6555	TL	6711296	2048
6556	EN	6713344	2048
6557	TL	6713344	2048
6558	EN	6715392	2048
6559	TL	6715392	2048
6560	EN	6717440	2048
6561	TL	6717440	2048
6562	EN	6719488	2048
6563	TL	6719488	2048
6564	EN	6721536	2048
6565	TL	6721536	2048
6566	EN	6723584	2048
6567	TL	6723584	2048
6568	EN	6725632	2048
6569	TL	6725632	2048
6570	EN	6727680	2048
6571	TL	6727680	2048
6572	EN	6729728	2048
6573	TL	6729728	2048
6574	EN	6731776	2048
6575	TL	6731776	2048
6576	EN	6733824	2048
6577	TL	6733824	2048
6578	EN	6735872	2048
6579	TL	6735872	2048
6580	EN	6737920	2048
6581	TL	6737920	2048
6582	EN	6739968	2048
6583	TL	6739968	2048
6584	EN	6742016	2048
6585	TL	6742016	2048
6586	EN	6744064	2048
6587	TL	6744064	2048
6588	EN	6746112	2048
6589	TL	6746112	2048
6590	EN	6748160	2048
6591	TL	6748160	2048
6592	EN	6750208	2048
6593	TL	6750208	2048
6594	EN	6752256	2048
6595	TL	6752256	2048
6596	EN	6754304	2048
6597	TL	6754304	2048
6598	EN	6756352	2048
6599	TL	6756352	2048
6600	EN	6758400	2048
6601	TL	6758400	2048
6602	EN	6760448	2048
6603	TL	6760448	2048
6604	EN	6762496	2048
6605	TL	6762496	2048
6606	EN	6764544	2048
6607	TL	6764544	2048
6608	EN	6766592	2048
6609	TL	6766592	2048
6610	EN	6768640	2048
6611	TL	6768640	2048
6612	EN	6770688	2048
6613	TL	6770688	2048
6614	EN	6772736	2048
6615	TL	6772736	2048
6616	EN	6774784	2048
6617	TL	6774784	2048
6618	EN	6776832	2048
6619	TL	6776832	2048
6620	EN	6778880	2048
6621	TL	6778880	2048
6622	EN	6780928	2048
6623	TL	6780928	2048
6624	EN	6782976	2048
6625	TL	6782976	2048
6626	EN	6785024	2048
6627	TL	6785024	2048
6628	EN	6787072	2048
6629	TL	6787072	2048
6630	EN	6789120	2048
6631	TL	6789120	2048
6632	EN	6791168	2048
6633	TL	6791168	2048
6634	EN	6793216	2048
6635	TL	6793216	2048
6636	EN	6795264	2048
6637	TL	6795264	2048
6638	EN	6797312	2048
6639	TL	6797312	2048
6640	EN	6799360	2048
6641	TL	6799360	2048
6642	EN	6801408	2048
6643	TL	6801408	2048
6644	EN	6803456	2048
6645	TL	6803456	2048
6646	EN	6805504	2048
6647	TL	6805504	2048
6648	EN	6807552	2048
6649	TL	6807552	2048
6650	EN	6809600	2048
6651	TL	6809600	2048
6652	EN	6811648	2048
6653	TL	6811648	2048
6654	EN	6813696	2048
6655	TL	6813696	2048
6656	EN	6815744	2048
6657	TL	6815744	2048
6658	EN	6817792	2048
6659	TL	6817792	2048
6660	EN	6819840	2048
6661	TL	6819840	2048
6662	EN	6821888	2048
6663	TL	6821888	2048
6664	EN	6823936	2048
6665	TL	6823936	2048
6666	EN	6825984	2048
6667	TL	6825984	2048
6668	EN	6828032	2048
6669	TL	6828032	2048
6670	EN	6830080	2048
6671	TL	6830080	2048
6672	EN	6832128	2048
6673	TL	6832128	2048
6674	EN	6834176	2048
6675	TL	6834176	2048
6676	EN	6836224	2048
6677	TL	6836224	2048
6678	EN	6838272	2048
6679	TL	6838272	2048
6680	EN	6840320	2048
6681	TL	6840320	2048
6682	EN	6842368	2048
6683	TL	6842368	2048
6684	EN	6844416	2048
6685	TL	6844416	2048
6686	EN	6846464	2048
6687	TL	6846464	2048
6688	EN	6848512	2048
6689	TL	6848512	2048
6690	EN	6850560	2048
6691	TL	6850560	2048
6692	EN	6852608	2048
6693	TL	6852608	2048
6694	EN	6854656	2048
6695	TL	6854656	2048
6696	EN	6856704	2048
6697	TL	6856704	2048
6698	EN	6858752	2048
6699	TL	6858752	2048
6700	EN	6860800	2048
6701	TL	6860800	2048
6702	EN	6862848	2048
6703	TL	6862848	2048
6704	EN	6864896	2048
6705	TL	6864896	2048
6706	EN	6866944	2048
6707	TL	6866944	2048
6708	EN	6868992	2048
6709	TL	6868992	2048
6710	EN	6871040	2048
6711	TL	6871040	2048
6712	EN	6873088	2048
6713	TL	6873088	2048
6714	EN	6875136	2048
6715	TL	6875136	2048
6716	EN	6877184	2048
6717	TL	6877184	2048
6718	EN	6879232	2048
6719	TL	6879232	2048
6720	EN	6881280	2048
6721	TL	6881280	2048
6722	EN	6883328	2048
6723	TL	6883328	2048
6724	EN	6885376	2048
6725	TL	6885376	2048
6726	EN	6887424	2048
6727	TL	6887424	2048
6728	EN	6889472	2048
6729	TL	6889472	2048
6730	EN	6891520	2048
6731	TL	6891520	2048
6732	EN	6893568	2048
6733	TL	6893568	2048
6734	EN	6895616	2048
6735	TL	6895616	2048
6736	EN	6897664	2048
6737	TL	6897664	2048
6738	EN	6899712	2048
6739	TL	6899712	2048
6740	EN	6901760	2048
6741	TL	6901760	2048
6742	EN	6903808	2048
6743	TL	6903808	2048
6744	EN	6905856	2048
6745	TL	6905856	2048
6746	EN	6907904	2048
6747	TL	6907904	2048
6748	EN	6909952	2048
6749	TL	6909952	2048
6750	EN	6912000	2048
6751	TL	6912000	2048
6752	EN	6914048	2048
6753	TL	6914048	2048
6754	EN	6916096	2048
6755	TL	6916096	2048
6756	EN	6918144	2048
6757	TL	6918144	2048
6758	EN	6920192	2048
6759	TL	6920192	2048
6760	EN	6922240	2048
6761	TL	6922240	2048
6762	EN	6924288	2048
6763	TL	6924288	2048
6764	EN	6926336	2048
6765	TL	6926336	2048
6766	EN	6928384	2048
6767	TL	6928384	2048
6768	EN	6930432	2048
6769	TL	6930432	2048
6770	EN	6932480	2048
6771	TL	6932480	2048
6772	EN	6934528	2048
6773	TL	6934528	2048
6774	EN	6936576	2048
6775	TL	6936576	2048
6776	EN	6938624	2048
6777	TL	6938624	2048
6778	EN	6940672	2048
6779	TL	6940672	2048
6780	EN	6942720	2048
6781	TL	6942720	2048
6782	EN	6944768	2048
6783	TL	6944768	2048
6784	EN	6946816	2048
6785	TL	6946816	2048
6786	EN	6948864	2048
6787	TL	6948864	2048
6788	EN	6950912	2048
6789	TL	6950912	2048
6790	EN	6952960	2048
6791	TL	6952960	2048
6792	EN	6955008	2048
6793	TL	6955008	2048
6794	EN	6957056	2048
6795	TL	6957056	2048
6796	EN	6959104	2048
6797	TL	6959104	2048
6798	EN	6961152	2048
6799	TL	6961152	2048
6800	EN	6963200	2048
6801	TL	6963200	2048
6802	EN	6965248	2048
6803	TL	6965248	2048
6804	EN	6967296	2048
6805	TL	6967296	2048
6806	EN	6969344	2048
6807	TL	6969344	2048
6808	EN	6971392	2048
6809	TL	6971392	2048
6810	EN	6973440	2048
6811	TL	6973440	2048
6812	EN	6975488	2048
6813	TL	6975488	2048
6814	EN	6977536	2048
6815	TL	6977536	2048
6816	EN	6979584	2048
6817	TL	6979584	2048
6818	EN	6981632	2048
6819	TL	6981632	2048
6820	EN	6983680	2048
6821	TL	6983680	2048
6822	EN	6985728	2048
6823	TL	6985728	2048
6824	EN	6987776	2048
6825	TL	6987776	2048
6826	EN	6989824	2048
6827	TL	6989824	2048
6828	EN	6991872	2048
6829	TL	6991872	2048
6830	EN	6993920	2048
6831	TL	6993920	2048
6832	EN	6995968	2048
6833	TL	6995968	2048
6834	EN	6998016	2048
6835	TL	6998016	2048
6836	EN	7000064	2048
6837	TL	7000064	2048
6838	EN	7002112	2048
6839	TL	7002112	2048
6840	EN	7004160	2048
6841	TL	7004160	2048
6842	EN	7006208	2048
6843	TL	7006208	2048
6844	EN	7008256	2048
6845	TL	7008256	2048
6846	EN	7010304	2048
6847	TL	7010304	2048
6848	EN	7012352	2048
6849	TL	7012352	2048
6850	EN	7014400	2048
6851	TL	7014400	2048
6852	EN	7016448	2048
6853	TL	7016448	2048
6854	EN	7018496	2048
6855	TL	7018496	2048
6856	EN	7020544	2048
6857	TL	7020544	2048
6858	EN	7022592	2048
6859	TL	7022592	2048
6860	EN	7024640	2048
6861	TL	7024640	2048
6862	EN	7026688	2048
6863	TL	7026688	2048
6864	EN	7028736	2048
6865	TL	7028736	2048
6866	EN	7030784	2048
6867	TL	7030784	2048
6868	EN	7032832	2048
6869	TL	7032832	2048
6870	EN	7034880	2048
6871	TL	7034880	2048
6872	EN	7036928	2048
6873	TL	7036928	2048
6874	EN	7038976	2048
6875	TL	7038976	2048
6876	EN	7041024	2048
6877	TL	7041024	2048
6878	EN	7043072	2048
6879	TL	7043072	2048
6880	EN	7045120	2048
6881	TL	7045120	2048
6882	EN	7047168	2048
6883	TL	7047168	2048
6884	EN	7049216	2048
6885	TL	7049216	2048
6886	EN	7051264	2048
6887	TL	7051264	2048
6888	EN	7053312	2048
6889	TL	7053312	2048
6890	EN	7055360	2048
6891	TL	7055360	2048
6892	EN	7057408	2048
6893	TL	7057408	2048
6894	EN	7059456	2048
6895	TL	7059456	2048
6896	EN	7061504	2048
6897	TL	7061504	2048
6898	EN	7063552	2048
6899	TL	7063552	2048
6900	EN	7065600	2048
6901	TL	7065600	2048
6902	EN	7067648	2048
6903	TL	7067648	2048
6904	EN	7069696	2048
6905	TL	7069696	2048
6906	EN	7071744	2048
6907	TL	7071744	2048
6908	EN	7073792	2048
6909	TL	7073792	2048
6910	EN	7075840	2048
6911	TL	7075840	2048
6912	EN	7077888	2048
6913	TL	7077888	2048
6914	EN	7079936	2048
6915	TL	7079936	2048
6916	EN	7081984	2048
6917	TL	7081984	2048
6918	EN	7084032	2048
6919	TL	7084032	2048
6920	EN	7086080	2048
6921	TL	7086080	2048
6922	EN	7088128	2048
6923	TL	7088128	2048
6924	EN	7090176	2048
6925	TL	7090176	2048
6926	EN	7092224	2048
6927	TL	7092224	2048
6928	EN	7094272	2048
6929	TL	7094272	2048
6930	EN	7096320	2048
6931	TL	7096320	2048
6932	EN	7098368	2048
6933	TL	7098368	2048
6934	EN	7100416	2048
6935	TL	7100416	2048
6936	EN	7102464	2048
6937	TL	7102464	2048
6938	EN	7104512	2048
6939	TL	7104512	2048
6940	EN	7106560	2048
6941	TL	7106560	2048
6942	EN	7108608	2048
6943	TL	7108608	2048
6944	EN	7110656	2048
6945	TL	7110656	2048
6946	EN	7112704	2048
6947	TL	7112704	2048
6948	EN	7114752	2048
6949	TL	7114752	2048
6950	EN	7116800	2048
6951	TL	7116800	2048
6952	EN	7118848	2048
6953	TL	7118848	2048
6954	EN	7120896	2048
6955	TL	7120896	2048
6956	EN	7122944	2048
6957	TL	7122944	2048
6958	EN	7124992	2048
6959	TL	7124992	2048
6960	EN	7127040	2048
6961	TL	7127040	2048
6962	EN	7129088	2048
6963	TL	7129088	2048
6964	EN	7131136	2048
6965	TL	7131136	2048
6966	EN	7133184	2048
6967	TL	7133184	2048
6968	EN	7135232	2048
6969	TL	7135232	2048
6970	EN	7137280	2048
6971	TL	7137280	2048
6972	EN	7139328	2048
6973	TL	7139328	2048
6974	EN	7141376	2048
6975	TL	7141376	2048
6976	EN	7143424	2048
6977	TL	7143424	2048
6978	EN	7145472	2048
6979	TL	7145472	2048
6980	EN	7147520	2048
6981	TL	7147520	2048
6982	EN	7149568	2048
6983	TL	7149568	2048
6984	EN	7151616	2048
6985	TL	7151616	2048
6986	EN	7153664	2048
6987	TL	7153664	2048
6988	EN	7155712	2048
6989	TL	7155712	2048
6990	EN	7157760	2048
6991	TL	7157760	2048
6992	EN	7159808	2048
6993	TL	7159808	2048
6994	EN	7161856	2048
6995	TL	7161856	2048
6996	EN	7163904	2048
6997	TL	7163904	2048
6998	EN	7165952	2048
6999	TL	7165952	2048
7000	EN	7168000	2048
7001	TL	7168000	2048
7002	EN	7170048	2048
7003	TL	7170048	2048
7004	EN	7172096	2048
7005	TL	7172096	2048
7006	EN	7174144	2048
7007	TL	7174144	2048
7008	EN	7176192	2048
7009	TL	7176192	2048
7010	EN	7178240	2048
7011	TL	7178240	2048
7012	EN	7180288	2048
7013	TL	7180288	2048
7014	EN	7182336	2048
7015	TL	7182336	2048
7016	EN	7184384	2048
7017	TL	7184384	2048
7018	EN	7186432	2048
7019	TL	7186432	2048
7020	EN	7188480	2048
7021	TL	7188480	2048
7022	EN	7190528	2048
7023	TL	7190528	2048
7024	EN	7192576	2048
7025	TL	7192576	2048
7026	EN	7194624	2048
7027	TL	7194624	2048
7028	EN	7196672	2048
7029	TL	7196672	2048
7030	EN	7198720	2048
7031	TL	7198720	2048
7032	EN	7200768	2048
7033	TL	7200768	2048
7034	EN	7202816	2048
7035	TL	7202816	2048
7036	EN	7204864	2048
7037	TL	7204864	2048
7038	EN	7206912	2048
7039	TL	7206912	2048
7040	EN	7208960	2048
7041	TL	7208960	2048
7042	EN	7211008	2048
7043	TL	7211008	2048
7044	EN	7213056	2048
7045	TL	7213056	2048
7046	EN	7215104	2048
7047	TL	7215104	2048
7048	EN	7217152	2048
7049	TL	7217152	2048
7050	EN	7219200	2048
7051	TL	7219200	2048
7052	EN	7221248	2048
7053	TL	7221248	2048
7054	EN	7223296	2048
7055	TL	7223296	2048
7056	EN	7225344	2048
7057	TL	7225344	2048
7058	EN	7227392	2048
7059	TL	7227392	2048
7060	EN	7229440	2048
7061	TL	7229440	2048
7062	EN	7231488	2048
7063	TL	7231488	2048
7064	EN	7233536	2048
7065	TL	7233536	2048
7066	EN	7235584	2048
7067	TL	7235584	2048
7068	EN	7237632	2048
7069	TL	7237632	2048
7070	EN	7239680	2048
7071	TL	7239680	2048
7072	EN	7241728	2048
7073	TL	7241728	2048
7074	EN	7243776	2048
7075	TL	7243776	2048
7076	EN	7245824	2048
7077	TL	7245824	2048
7078	EN	7247872	2048
7079	TL	7247872	2048
7080	EN	7249920	2048
7081	TL	7249920	2048
7082	EN	7251968	2048
7083	TL	7251968	2048
7084	EN	7254016	2048
7085	TL	7254016	2048
7086	EN	7256064	2048
7087	TL	7256064	2048
7088	EN	7258112	2048
7089	TL	7258112	2048
7090	EN	7260160	2048
7091	TL	7260160	2048
7092	EN	7262208	2048
7093	TL	7262208	2048
7094	EN	7264256	2048
7095	TL	7264256	2048
7096	EN	7266304	2048
7097	TL	7266304	2048
7098	EN	7268352	2048
7099	TL	7268352	2048
7100	EN	7270400	2048
7101	TL	7270400	2048
7102	EN	7272448	2048
7103	TL	7272448	2048
7104	EN	7274496	2048
7105	TL	7274496	2048
7106	EN	7276544	2048
7107	TL	7276544	2048
7108	EN	7278592	2048
7109	TL	7278592	2048
7110	EN	7280640	2048
7111	TL	7280640	2048
7112	EN	7282688	2048
7113	TL	7282688	2048
7114	EN	7284736	2048
7115	TL	7284736	2048
7116	EN	7286784	2048
7117	TL	7286784	2048
7118	EN	7288832	2048
7119	TL	7288832	2048
7120	EN	7290880	2048
7121	TL	7290880	2048
7122	EN	7292928	2048
7123	TL	7292928	2048
7124	EN	7294976	2048
7125	TL	7294976	2048
7126	EN	7297024	2048
7127	TL	7297024	2048
7128	EN	7299072	2048
7129	TL	7299072	2048
7130	EN	7301120	2048
7131	TL	7301120	2048
7132	EN	7303168	2048
7133	TL	7303168	2048
7134	EN	7305216	2048
7135	TL	7305216	2048
7136	EN	7307264	2048
7137	TL	7307264	2048
7138	EN	7309312	2048
7139	TL	7309312	2048
7140	EN	7311360	2048
7141	TL	7311360	2048
7142	EN	7313408	2048
7143	TL	7313408	2048
7144	EN	7315456	2048
7145	TL	7315456	2048
7146	EN	7317504	2048
7147	TL	7317504	2048
7148	EN	7319552	2048
7149	TL	7319552	2048
7150	EN	7321600	2048
7151	TL	7321600	2048
7152	EN	7323648	2048
7153	TL	7323648	2048
7154	EN	7325696	2048
7155	TL	7325696	2048
7156	EN	7327744	2048
7157	TL	7327744	2048
7158	EN	7329792	2048
7159	TL	7329792	2048
7160	EN	7331840	2048
7161	TL	7331840	2048
7162	EN	7333888	2048
7163	TL	7333888	2048
7164	EN	7335936	2048
7165	TL	7335936	2048
7166	EN	7337984	2048
7167	TL	7337984	2048
7168	EN	7340032	2048
7169	TL	7340032	2048
7170	EN	7342080	2048
7171	TL	7342080	2048
7172	EN	7344128	2048
7173	TL	7344128	2048
7174	EN	7346176	2048
7175	TL	7346176	2048
7176	EN	7348224	2048
7177	TL	7348224	2048
7178	EN	7350272	2048
7179	TL	7350272	2048
7180	EN	7352320	2048
7181	TL	7352320	2048
7182	EN	7354368	2048
7183	TL	7354368	2048
7184	EN	7356416	2048
7185	TL	7356416	2048
7186	EN	7358464	2048
7187	TL	7358464	2048
7188	EN	7360512	2048
7189	TL	7360512	2048
7190	EN	7362560	2048
7191	TL	7362560	2048
7192	EN	7364608	2048
7193	TL	7364608	2048
7194	EN	7366656	2048
7195	TL	7366656	2048
7196	EN	7368704	2048
7197	TL	7368704	2048
7198	EN	7370752	2048
7199	TL	7370752	2048
7200	EN	7372800	2048
7201	TL	7372800	2048
7202	EN	7374848	2048
7203	TL	7374848	2048
7204	EN	7376896	2048
7205	TL	7376896	2048
7206	EN	7378944	2048
7207	TL	7378944	2048
7208	EN	7380992	2048
7209	TL	7380992	2048
7210	EN	7383040	2048
7211	TL	7383040	2048
7212	EN	7385088	2048
7213	TL	7385088	2048
7214	EN	7387136	2048
7215	TL	7387136	2048
7216	EN	7389184	2048
7217	TL	7389184	2048
7218	EN	7391232	2048
7219	TL	7391232	2048
7220	EN	7393280	2048
7221	TL	7393280	2048
7222	EN	7395328	2048
7223	TL	7395328	2048
7224	EN	7397376	2048
7225	TL	7397376	2048
7226	EN	7399424	2048
7227	TL	7399424	2048
7228	EN	7401472	2048
7229	TL	7401472	2048
7230	EN	7403520	2048
7231	TL	7403520	2048
7232	EN	7405568	2048
7233	TL	7405568	2048
7234	EN	7407616	2048
7235	TL	7407616	2048
7236	EN	7409664	2048
7237	TL	7409664	2048
7238	EN	7411712	2048
7239	TL	7411712	2048
7240	EN	7413760	2048
7241	TL	7413760	2048
7242	EN	7415808	2048
7243	TL	7415808	2048
7244	EN	7417856	2048
7245	TL	7417856	2048
7246	EN	7419904	2048
7247	TL	7419904	2048
7248	EN	7421952	2048
7249	TL	7421952	2048
7250	EN	7424000	2048
7251	TL	7424000	2048
7252	EN	7426048	2048
7253	TL	7426048	2048
7254	EN	7428096	2048
7255	TL	7428096	2048
7256	EN	7430144	2048
7257	TL	7430144	2048
7258	EN	7432192	2048
7259	TL	7432192	2048
7260	EN	7434240	2048
7261	TL	7434240	2048
7262	EN	7436288	2048
7263	TL	7436288	2048
7264	EN	7438336	2048
7265	TL	7438336	2048
7266	EN	7440384	2048
7267	TL	7440384	2048
7268	EN	7442432	2048
7269	TL	7442432	2048
7270	EN	7444480	2048
7271	TL	7444480	2048
7272	EN	7446528	2048
7273	TL	7446528	2048
7274	EN	7448576	2048
7275	TL	7448576	2048
7276	EN	7450624	2048
7277	TL	7450624	2048
7278	EN	7452672	2048
7279	TL	7452672	2048
7280	EN	7454720	2048
7281	TL	7454720	2048
7282	EN	7456768	2048
7283	TL	7456768	2048
7284	EN	7458816	2048
7285	TL	7458816	2048
7286	EN	7460864	2048
7287	TL	7460864	2048
7288	EN	7462912	2048
7289	TL	7462912	2048
7290	EN	7464960	2048
7291	TL	7464960	2048
7292	EN	7467008	2048
7293	TL	7467008	2048
7294	EN	7469056	2048
7295	TL	7469056	2048
7296	EN	7471104	2048
7297	TL	7471104	2048
7298	EN	7473152	2048
7299	TL	7473152	2048
7300	EN	7475200	2048
7301	TL	7475200	2048
7302	EN	7477248	2048
7303	TL	7477248	2048
7304	EN	7479296	2048
7305	TL	7479296	2048
7306	EN	7481344	2048
7307	TL	7481344	2048
7308	EN	7483392	2048
7309	TL	7483392	2048
7310	EN	7485440	2048
7311	TL	7485440	2048
7312	EN	7487488	2048
7313	TL	7487488	2048
7314	EN	7489536	2048
7315	TL	7489536	2048
7316	EN	7491584	2048
7317	TL	7491584	2048
7318	EN	7493632	2048
7319	TL	7493632	2048
7320	EN	7495680	2048
7321	TL	7495680	2048
7322	EN	7497728	2048
7323	TL	7497728	2048
7324	EN	7499776	2048
7325	TL	7499776	2048
7326	EN	7501824	2048
7327	TL	7501824	2048
7328	EN	7503872	2048
7329	TL	7503872	2048
7330	EN	7505920	2048
7331	TL	7505920	2048
7332	EN	7507968	2048
7333	TL	7507968	2048
7334	EN	7510016	2048
7335	TL	7510016	2048
7336	EN	7512064	2048
7337	TL	7512064	2048
7338	EN	7514112	2048
7339	TL	7514112	2048
7340	EN	7516160	2048
7341	TL	7516160	2048
7342	EN	7518208	2048
7343	TL	7518208	2048
7344	EN	7520256	2048
7345	TL	7520256	2048
7346	EN	7522304	2048
7347	TL	7522304	2048
7348	EN	7524352	2048
7349	TL	7524352	2048
7350	EN	7526400	2048
7351	TL	7526400	2048
7352	EN	7528448	2048
7353	TL	7528448	2048
7354	EN	7530496	2048
7355	TL	7530496	2048
7356	EN	7532544	2048
7357	TL	7532544	2048
7358	EN	7534592	2048
7359	TL	7534592	2048
7360	EN	7536640	2048
7361	TL	7536640	2048
7362	EN	7538688	2048
7363	TL	7538688	2048
7364	EN	7540736	2048
7365	TL	7540736	2048
7366	EN	7542784	2048
7367	TL	7542784	2048
7368	EN	7544832	2048
7369	TL	7544832	2048
7370	EN	7546880	2048
7371	TL	7546880	2048
7372	EN	7548928	2048
7373	TL	7548928	2048
7374	EN	7550976	2048
7375	TL	7550976	2048
7376	EN	7553024	2048
7377	TL	7553024	2048
7378	EN	7555072	2048
7379	TL	7555072	2048
7380	EN	7557120	2048
7381	TL	7557120	2048
7382	EN	7559168	2048
7383	TL	7559168	2048
7384	EN	7561216	2048
7385	TL	7561216	2048
7386	EN	7563264	2048
7387	TL	7563264	2048
7388	EN	7565312	2048
7389	TL	7565312	2048
7390	EN	7567360	2048
7391	TL	7567360	2048
7392	EN	7569408	2048
7393	TL	7569408	2048
7394	EN	7571456	2048
7395	TL	7571456	2048
7396	EN	7573504	2048
7397	TL	7573504	2048
7398	EN	7575552	2048
7399	TL	7575552	2048
7400	EN	7577600	2048
7401	TL	7577600	2048
7402	EN	7579648	2048
7403	TL	7579648	2048
7404	EN	7581696	2048
7405	TL	7581696	2048
7406	EN	7583744	2048
7407	TL	7583744	2048
7408	EN	7585792	2048
7409	TL	7585792	2048
7410	EN	7587840	2048
7411	TL	7587840	2048
7412	EN	7589888	2048
7413	TL	7589888	2048
7414	EN	7591936	2048
7415	TL	7591936	2048
7416	EN	7593984	2048
7417	TL	7593984	2048
7418	EN	7596032	2048
7419	TL	7596032	2048
7420	EN	7598080	2048
7421	TL	7598080	2048
7422	EN	7600128	2048
7423	TL	7600128	2048
7424	EN	7602176	2048
7425	TL	7602176	2048
7426	EN	7604224	2048
7427	TL	7604224	2048
7428	EN	7606272	2048
7429	TL	7606272	2048
7430	EN	7608320	2048
7431	TL	7608320	2048
7432	EN	7610368	2048
7433	TL	7610368	2048
7434	EN	7612416	2048
7435	TL	7612416	2048
7436	EN	7614464	2048
7437	TL	7614464	2048
7438	EN	7616512	2048
7439	TL	7616512	2048
7440	EN	7618560	2048
7441	TL	7618560	2048
7442	EN	7620608	2048
7443	TL	7620608	2048
7444	EN	7622656	2048
7445	TL	7622656	2048
7446	EN	7624704	2048
7447	TL	7624704	2048
7448	EN	7626752	2048
7449	TL	7626752	2048
7450	EN	7628800	2048
7451	TL	7628800	2048
7452	EN	7630848	2048
7453	TL	7630848	2048
7454	EN	7632896	2048
7455	TL	7632896	2048
7456	EN	7634944	2048
7457	TL	7634944	2048
7458	EN	7636992	2048
7459	TL	7636992	2048
7460	EN	7639040	2048
7461	TL	7639040	2048
7462	EN	7641088	2048
7463	TL	7641088	2048
7464	EN	7643136	2048
7465	TL	7643136	2048
7466	EN	7645184	2048
7467	TL	7645184	2048
7468	EN	7647232	2048
7469	TL	7647232	2048
7470	EN	7649280	2048
7471	TL	7649280	2048
7472	EN	7651328	2048
7473	TL	7651328	2048
7474	EN	7653376	2048
7475	TL	7653376	2048
7476	EN	7655424	2048
7477	TL	7655424	2048
7478	EN	7657472	2048
7479	TL	7657472	2048
7480	EN	7659520	2048
7481	TL	7659520	2048
7482	EN	7661568	2048
7483	TL	7661568	2048
7484	EN	7663616	2048
7485	TL	7663616	2048
7486	EN	7665664	2048
7487	TL	7665664	2048
7488	EN	7667712	2048
7489	TL	7667712	2048
7490	EN	7669760	2048
7491	TL	7669760	2048
7492	EN	7671808	2048
7493	TL	7671808	2048
7494	EN	7673856	2048
7495	TL	7673856	2048
7496	EN	7675904	2048
7497	TL	7675904	2048
7498	EN	7677952	2048
7499	TL	7677952	2048
7500	EN	7680000	2048
7501	TL	7680000	2048
7502	EN	7682048	2048
7503	TL	7682048	2048
7504	EN	7684096	2048
7505	TL	7684096	2048
7506	EN	7686144	2048
7507	TL	7686144	2048
7508	EN	7688192	2048
7509	TL	7688192	2048
7510	EN	7690240	2048
7511	TL	7690240	2048
7512	EN	7692288	2048
7513	TL	7692288	2048
7514	EN	7694336	2048
7515	TL	7694336	2048
7516	EN	7696384	2048
7517	TL	7696384	2048
7518	EN	7698432	2048
7519	TL	7698432	2048
7520	EN	7700480	2048
7521	TL	7700480	2048
7522	EN	7702528	2048
7523	TL	7702528	2048
7524	EN	7704576	2048
7525	TL	7704576	2048
7526	EN	7706624	2048
7527	TL	7706624	2048
7528	EN	7708672	2048
7529	TL	7708672	2048
7530	EN	7710720	2048
7531	TL	7710720	2048
7532	EN	7712768	2048
7533	TL	7712768	2048
7534	EN	7714816	2048
7535	TL	7714816	2048
7536	EN	7716864	2048
7537	TL	7716864	2048
7538	EN	7718912	2048
7539	TL	7718912	2048
7540	EN	7720960	2048
7541	TL	7720960	2048
7542	EN	7723008	2048
7543	TL	7723008	2048
7544	EN	7725056	2048
7545	TL	7725056	2048
7546	EN	7727104	2048
7547	TL	7727104	2048
7548	EN	7729152	2048
7549	TL	7729152	2048
7550	EN	7731200	2048
7551	TL	7731200	2048
7552	EN	7733248	2048
7553	TL	7733248	2048
7554	EN	7735296	2048
7555	TL	7735296	2048
7556	EN	7737344	2048
7557	TL	7737344	2048
7558	EN	7739392	2048
7559	TL	7739392	2048
7560	EN	7741440	2048
7561	TL	7741440	2048
7562	EN	7743488	2048
7563	TL	7743488	2048
7564	EN	7745536	2048
7565	TL	7745536	2048
7566	EN	7747584	2048
7567	TL	7747584	2048
7568	EN	7749632	2048
7569	TL	7749632	2048
7570	EN	7751680	2048
7571	TL	7751680	2048
7572	EN	7753728	2048
7573	TL	7753728	2048
7574	EN	7755776	2048
7575	TL	7755776	2048
7576	EN	7757824	2048
7577	TL	7757824	2048
7578	EN	7759872	2048
7579	TL	7759872	2048
7580	EN	7761920	2048
7581	TL	7761920	2048
7582	EN	7763968	2048
7583	TL	7763968	2048
7584	EN	7766016	2048
7585	TL	7766016	2048
7586	EN	7768064	2048
7587	TL	7768064	2048
7588	EN	7770112	2048
7589	TL	7770112	2048
7590	EN	7772160	2048
7591	TL	7772160	2048
7592	EN	7774208	2048
7593	TL	7774208	2048
7594	EN	7776256	2048
7595	TL	7776256	2048
7596	EN	7778304	2048
7597	TL	7778304	2048
7598	EN	7780352	2048
7599	TL	7780352	2048
7600	EN	7782400	2048
7601	TL	7782400	2048
7602	EN	7784448	2048
7603	TL	7784448	2048
7604	EN	7786496	2048
7605	TL	7786496	2048
7606	EN	7788544	2048
7607	TL	7788544	2048
7608	EN	7790592	2048
7609	TL	7790592	2048
7610	EN	7792640	2048
7611	TL	7792640	2048
7612	EN	7794688	2048
7613	TL	7794688	2048
7614	EN	7796736	2048
7615	TL	7796736	2048
7616	EN	7798784	2048
7617	TL	7798784	2048
7618	EN	7800832	2048
7619	TL	7800832	2048
7620	EN	7802880	2048
7621	TL	7802880	2048
7622	EN	7804928	2048
7623	TL	7804928	2048
7624	EN	7806976	2048
7625	TL	7806976	2048
7626	EN	7809024	2048
7627	TL	7809024	2048
7628	EN	7811072	2048
7629	TL	7811072	2048
7630	EN	7813120	2048
7631	TL	7813120	2048
7632	EN	7815168	2048
7633	TL	7815168	2048
7634	EN	7817216	2048
7635	TL	7817216	2048
7636	EN	7819264	2048
7637	TL	7819264	2048
7638	EN	7821312	2048
7639	TL	7821312	2048
7640	EN	7823360	2048
7641	TL	7823360	2048
7642	EN	7825408	2048
7643	TL	7825408	2048
7644	EN	7827456	2048
7645	TL	7827456	2048
7646	EN	7829504	2048
7647	TL	7829504	2048
7648	EN	7831552	2048
7649	TL	7831552	2048
7650	EN	7833600	2048
7651	TL	7833600	2048
7652	EN	7835648	2048
7653	TL	7835648	2048
7654	EN	7837696	2048
7655	TL	7837696	2048
7656	EN	7839744	2048
7657	TL	7839744	2048
7658	EN	7841792	2048
7659	TL	7841792	2048
7660	EN	7843840	2048
7661	TL	7843840	2048
7662	EN	7845888	2048
7663	TL	7845888	2048
7664	EN	7847936	2048
7665	TL	7847936	2048
7666	EN	7849984	2048
7667	TL	7849984	2048
7668	EN	7852032	2048
7669	TL	7852032	2048
7670	EN	7854080	2048
7671	TL	7854080	2048
7672	EN	7856128	2048
7673	TL	7856128	2048
7674	EN	7858176	2048
7675	TL	7858176	2048
7676	EN	7860224	2048
7677	TL	7860224	2048
7678	EN	7862272	2048
7679	TL	7862272	2048
7680	EN	7864320	2048
7681	TL	7864320	2048
7682	EN	7866368	2048
7683	TL	7866368	2048
7684	EN	7868416	2048
7685	TL	7868416	2048
7686	EN	7870464	2048
7687	TL	7870464	2048
7688	EN	7872512	2048
7689	TL	7872512	2048
7690	EN	7874560	2048
7691	TL	7874560	2048
7692	EN	7876608	2048
7693	TL	7876608	2048
7694	EN	7878656	2048
7695	TL	7878656	2048
7696	EN	7880704	2048
7697	TL	7880704	2048
7698	EN	7882752	2048
7699	TL	7882752	2048
7700	EN	7884800	2048
7701	TL	7884800	2048
7702	EN	7886848	2048
7703	TL	7886848	2048
7704	EN	7888896	2048
7705	TL	7888896	2048
7706	EN	7890944	2048
7707	TL	7890944	2048
7708	EN	7892992	2048
7709	TL	7892992	2048
7710	EN	7895040	2048
7711	TL	7895040	2048
7712	EN	7897088	2048
7713	TL	7897088	2048
7714	EN	7899136	2048
7715	TL	7899136	2048
7716	EN	7901184	2048
7717	TL	7901184	2048
7718	EN	7903232	2048
7719	TL	7903232	2048
7720	EN	7905280	2048
7721	TL	7905280	2048
7722	EN	7907328	2048
7723	TL	7907328	2048
7724	EN	7909376	2048
7725	TL	7909376	2048
7726	EN	7911424	2048
7727	TL	7911424	2048
7728	EN	7913472	2048
7729	TL	7913472	2048
7730	EN	7915520	2048
7731	TL	7915520	2048
7732	EN	7917568	2048
7733	TL	7917568	2048
7734	EN	7919616	2048
7735	TL	7919616	2048
7736	EN	7921664	2048
7737	TL	7921664	2048
7738	EN	7923712	2048
7739	TL	7923712	2048
7740	EN	7925760	2048
7741	TL	7925760	2048
7742	EN	7927808	2048
7743	TL	7927808	2048
7744	EN	7929856	2048
7745	TL	7929856	2048
7746	EN	7931904	2048
7747	TL	7931904	2048
7748	EN	7933952	2048
7749	TL	7933952	2048
7750	EN	7936000	2048
7751	TL	7936000	2048
7752	EN	7938048	2048
7753	TL	7938048	2048
7754	EN	7940096	2048
7755	TL	7940096	2048
7756	EN	7942144	2048
7757	TL	7942144	2048
7758	EN	7944192	2048
7759	TL	7944192	2048
7760	EN	7946240	2048
7761	TL	7946240	2048
7762	EN	7948288	2048
7763	TL	7948288	2048
7764	EN	7950336	2048
7765	TL	7950336	2048
7766	EN	7952384	2048
7767	TL	7952384	2048
7768	EN	7954432	2048
7769	TL	7954432	2048
7770	EN	7956480	2048
7771	TL	7956480	2048
7772	EN	7958528	2048
7773	TL	7958528	2048
7774	EN	7960576	2048
7775	TL	7960576	2048
7776	EN	7962624	2048
7777	TL	7962624	2048
7778	EN	7964672	2048
7779	TL	7964672	2048
7780	EN	7966720	2048
7781	TL	7966720	2048
7782	EN	7968768	2048
7783	TL	7968768	2048
7784	EN	7970816	2048
7785	TL	7970816	2048
7786	EN	7972864	2048
7787	TL	7972864	2048
7788	EN	7974912	2048
7789	TL	7974912	2048
7790	EN	7976960	2048
7791	TL	7976960	2048
7792	EN	7979008	2048
7793	TL	7979008	2048
7794	EN	7981056	2048
7795	TL	7981056	2048
7796	EN	7983104	2048
7797	TL	7983104	2048
7798	EN	7985152	2048
7799	TL	7985152	2048
7800	EN	7987200	2048
7801	TL	7987200	2048
7802	EN	7989248	2048
7803	TL	7989248	2048
7804	EN	7991296	2048
7805	TL	7991296	2048
7806	EN	7993344	2048
7807	TL	7993344	2048
7808	EN	7995392	2048
7809	TL	7995392	2048
7810	EN	7997440	2048
7811	TL	7997440	2048
7812	EN	7999488	2048
7813	TL	7999488	2048
7814	EN	8001536	2048
7815	TL	8001536	2048
7816	EN	8003584	2048
7817	TL	8003584	2048
7818	EN	8005632	2048
7819	TL	8005632	2048
7820	EN	8007680	2048
7821	TL	8007680	2048
7822	EN	8009728	2048
7823	TL	8009728	2048
7824	EN	8011776	2048
7825	TL	8011776	2048
7826	EN	8013824	2048
7827	TL	8013824	2048
7828	EN	8015872	2048
7829	TL	8015872	2048
7830	EN	8017920	2048
7831	TL	8017920	2048
7832	EN	8019968	2048
7833	TL	8019968	2048
7834	EN	8022016	2048
7835	TL	8022016	2048
7836	EN	8024064	2048
7837	TL	8024064	2048
7838	EN	8026112	2048
7839	TL	8026112	2048
7840	EN	8028160	2048
7841	TL	8028160	2048
7842	EN	8030208	2048
7843	TL	8030208	2048
7844	EN	8032256	2048
7845	TL	8032256	2048
7846	EN	8034304	2048
7847	TL	8034304	2048
7848	EN	8036352	2048
7849	TL	8036352	2048
7850	EN	8038400	2048
7851	TL	8038400	2048
7852	EN	8040448	2048
7853	TL	8040448	2048
7854	EN	8042496	2048
7855	TL	8042496	2048
7856	EN	8044544	2048
7857	TL	8044544	2048
7858	EN	8046592	2048
7859	TL	8046592	2048
7860	EN	8048640	2048
7861	TL	8048640	2048
7862	EN	8050688	2048
7863	TL	8050688	2048
7864	EN	8052736	2048
7865	TL	8052736	2048
7866	EN	8054784	2048
7867	TL	8054784	2048
7868	EN	8056832	2048
7869	TL	8056832	2048
7870	EN	8058880	2048
7871	TL	8058880	2048
7872	EN	8060928	2048
7873	TL	8060928	2048
7874	EN	8062976	2048
7875	TL	8062976	2048
7876	EN	8065024	2048
7877	TL	8065024	2048
7878	EN	8067072	2048
7879	TL	8067072	2048
7880	EN	8069120	2048
7881	TL	8069120	2048
7882	EN	8071168	2048
7883	TL	8071168	2048
7884	EN	8073216	2048
7885	TL	8073216	2048
7886	EN	8075264	2048
7887	TL	8075264	2048
7888	EN	8077312	2048
7889	TL	8077312	2048
7890	EN	8079360	2048
7891	TL	8079360	2048
7892	EN	8081408	2048
7893	TL	8081408	2048
7894	EN	8083456	2048
7895	TL	8083456	2048
7896	EN	8085504	2048
7897	TL	8085504	2048
7898	EN	8087552	2048
7899	TL	8087552	2048
7900	EN	8089600	2048
7901	TL	8089600	2048
7902	EN	8091648	2048
7903	TL	8091648	2048
7904	EN	8093696	2048
7905	TL	8093696	2048
7906	EN	8095744	2048
7907	TL	8095744	2048
7908	EN	8097792	2048
7909	TL	8097792	2048
7910	EN	8099840	2048
7911	TL	8099840	2048
7912	EN	8101888	2048
7913	TL	8101888	2048
7914	EN	8103936	2048
7915	TL	8103936	2048
7916	EN	8105984	2048
7917	TL	8105984	2048
7918	EN	8108032	2048
7919	TL	8108032	2048
7920	EN	8110080	2048
7921	TL	8110080	2048
7922	EN	8112128	2048
7923	TL	8112128	2048
7924	EN	8114176	2048
7925	TL	8114176	2048
7926	EN	8116224	2048
7927	TL	8116224	2048
7928	EN	8118272	2048
7929	TL	8118272	2048
7930	EN	8120320	2048
7931	TL	8120320	2048
7932	EN	8122368	2048
7933	TL	8122368	2048
7934	EN	8124416	2048
7935	TL	8124416	2048
7936	EN	8126464	2048
7937	TL	8126464	2048
7938	EN	8128512	2048
7939	TL	8128512	2048
7940	EN	8130560	2048
7941	TL	8130560	2048
7942	EN	8132608	2048
7943	TL	8132608	2048
7944	EN	8134656	2048
7945	TL	8134656	2048
7946	EN	8136704	2048
7947	TL	8136704	2048
7948	EN	8138752	2048
7949	TL	8138752	2048
7950	EN	8140800	2048
7951	TL	8140800	2048
7952	EN	8142848	2048
7953	TL	8142848	2048
7954	EN	8144896	2048
7955	TL	8144896	2048
7956	EN	8146944	2048
7957	TL	8146944	2048
7958	EN	8148992	2048
7959	TL	8148992	2048
7960	EN	8151040	2048
7961	TL	8151040	2048
7962	EN	8153088	2048
7963	TL	8153088	2048
7964	EN	8155136	2048
7965	TL	8155136	2048
7966	EN	8157184	2048
7967	TL	8157184	2048
7968	EN	8159232	2048
7969	TL	8159232	2048
7970	EN	8161280	2048
7971	TL	8161280	2048
7972	EN	8163328	2048
7973	TL	8163328	2048
7974	EN	8165376	2048
7975	TL	8165376	2048
7976	EN	8167424	2048
7977	TL	8167424	2048
7978	EN	8169472	2048
7979	TL	8169472	2048
7980	EN	8171520	2048
7981	TL	8171520	2048
7982	EN	8173568	2048
7983	TL	8173568	2048
7984	EN	8175616	2048
7985	TL	8175616	2048
7986	EN	8177664	2048
7987	TL	8177664	2048
7988	EN	8179712	2048
7989	TL	8179712	2048
7990	EN	8181760	2048
7991	TL	8181760	2048
7992	EN	8183808	2048
7993	TL	8183808	2048
7994	EN	8185856	2048
7995	TL	8185856	2048
7996	EN	8187904	2048
7997	TL	8187904	2048
7998	EN	8189952	2048
7999	TL	8189952	2048
8000	EN	8192000	2048
8001	TL	8192000	2048
8002	EN	8194048	2048
8003	TL	8194048	2048
8004	EN	8196096	2048
8005	TL	8196096	2048
8006	EN	8198144	2048
8007	TL	8198144	2048
8008	EN	8200192	2048
8009	TL	8200192	2048
8010	EN	8202240	2048
8011	TL	8202240	2048
8012	EN	8204288	2048
8013	TL	8204288	2048
8014	EN	8206336	2048
8015	TL	8206336	2048
8016	EN	8208384	2048
8017	TL	8208384	2048
8018	EN	8210432	2048
8019	TL	8210432	2048
8020	EN	8212480	2048
8021	TL	8212480	2048
8022	EN	8214528	2048
8023	TL	8214528	2048
8024	EN	8216576	2048
8025	TL	8216576	2048
8026	EN	8218624	2048
8027	TL	8218624	2048
8028	EN	8220672	2048
8029	TL	8220672	2048
8030	EN	8222720	2048
8031	TL	8222720	2048
8032	EN	8224768	2048
8033	TL	8224768	2048
8034	EN	8226816	2048
8035	TL	8226816	2048
8036	EN	8228864	2048
8037	TL	8228864	2048
8038	EN	8230912	2048
8039	TL	8230912	2048
8040	EN	8232960	2048
8041	TL	8232960	2048
8042	EN	8235008	2048
8043	TL	8235008	2048
8044	EN	8237056	2048
8045	TL	8237056	2048
8046	EN	8239104	2048
8047	TL	8239104	2048
8048	EN	8241152	2048
8049	TL	8241152	2048
8050	EN	8243200	2048
8051	TL	8243200	2048
8052	EN	8245248	2048
8053	TL	8245248	2048
8054	EN	8247296	2048
8055	TL	8247296	2048
8056	EN	8249344	2048
8057	TL	8249344	2048
8058	EN	8251392	2048
8059	TL	8251392	2048
8060	EN	8253440	2048
8061	TL	8253440	2048
8062	EN	8255488	2048
8063	TL	8255488	2048
8064	EN	8257536	2048
8065	TL	8257536	2048
8066	EN	8259584	2048
8067	TL	8259584	2048
8068	EN	8261632	2048
8069	TL	8261632	2048
8070	EN	8263680	2048
8071	TL	8263680	2048
8072	EN	8265728	2048
8073	TL	8265728	2048
8074	EN	8267776	2048
8075	TL	8267776	2048
8076	EN	8269824	2048
8077	TL	8269824	2048
8078	EN	8271872	2048
8079	TL	8271872	2048
8080	EN	8273920	2048
8081	TL	8273920	2048
8082	EN	8275968	2048
8083	TL	8275968	2048
8084	EN	8278016	2048
8085	TL	8278016	2048
8086	EN	8280064	2048
8087	TL	8280064	2048
8088	EN	8282112	2048
8089	TL	8282112	2048
8090	EN	8284160	2048
8091	TL	8284160	2048
8092	EN	8286208	2048
8093	TL	8286208	2048
8094	EN	8288256	2048
8095	TL	8288256	2048
8096	EN	8290304	2048
8097	TL	8290304	2048
8098	EN	8292352	2048
8099	TL	8292352	2048
8100	EN	8294400	2048
8101	TL	8294400	2048
8102	EN	8296448	2048
8103	TL	8296448	2048
8104	EN	8298496	2048
8105	TL	8298496	2048
8106	EN	8300544	2048
8107	TL	8300544	2048
8108	EN	8302592	2048
8109	TL	8302592	2048
8110	EN	8304640	2048
8111	TL	8304640	2048
8112	EN	8306688	2048
8113	TL	8306688	2048
8114	EN	8308736	2048
8115	TL	8308736	2048
8116	EN	8310784	2048
8117	TL	8310784	2048
8118	EN	8312832	2048
8119	TL	8312832	2048
8120	EN	8314880	2048
8121	TL	8314880	2048
8122	EN	8316928	2048
8123	TL	8316928	2048
8124	EN	8318976	2048
8125	TL	8318976	2048
8126	EN	8321024	2048
8127	TL	8321024	2048
8128	EN	8323072	2048
8129	TL	8323072	2048
8130	EN	8325120	2048
8131	TL	8325120	2048
8132	EN	8327168	2048
8133	TL	8327168	2048
8134	EN	8329216	2048
8135	TL	8329216	2048
8136	EN	8331264	2048
8137	TL	8331264	2048
8138	EN	8333312	2048
8139	TL	8333312	2048
8140	EN	8335360	2048
8141	TL	8335360	2048
8142	EN	8337408	2048
8143	TL	8337408	2048
8144	EN	8339456	2048
8145	TL	8339456	2048
8146	EN	8341504	2048
8147	TL	8341504	2048
8148	EN	8343552	2048
8149	TL	8343552	2048
8150	EN	8345600	2048
8151	TL	8345600	2048
8152	EN	8347648	2048
8153	TL	8347648	2048
8154	EN	8349696	2048
8155	TL	8349696	2048
8156	EN	8351744	2048
8157	TL	8351744	2048
8158	EN	8353792	2048
8159	TL	8353792	2048
8160	EN	8355840	2048
8161	TL	8355840	2048
8162	EN	8357888	2048
8163	TL	8357888	2048
8164	EN	8359936	2048
8165	TL	8359936	2048
8166	EN	8361984	2048
8167	TL	8361984	2048
8168	EN	8364032	2048
8169	TL	8364032	2048
8170	EN	8366080	2048
8171	TL	8366080	2048
8172	EN	8368128	2048
8173	TL	8368128	2048
8174	EN	8370176	2048
8175	TL	8370176	2048
8176	EN	8372224	2048
8177	TL	8372224	2048
8178	EN	8374272	2048
8179	TL	8374272	2048
8180	EN	8376320	2048
8181	TL	8376320	2048
8182	EN	8378368	2048
8183	TL	8378368	2048
8184	EN	8380416	2048
8185	TL	8380416	2048
8186	EN	8382464	2048
8187	TL	8382464	2048
8188	EN	8384512	2048
8189	TL	8384512	2048
8190	EN	8386560	2048
8191	TL	8386560	2048
8192	EN	8388608	2048
8193	TL	8388608	2048
8194	EN	8390656	2048
8195	TL	8390656	2048
8196	EN	8392704	2048
8197	TL	8392704	2048
8198	EN	8394752	2048
8199	TL	8394752	2048
8200	EN	8396800	2048
8201	TL	8396800	2048
8202	EN	8398848	2048
8203	TL	8398848	2048
8204	EN	8400896	2048
8205	TL	8400896	2048
8206	EN	8402944	2048
8207	TL	8402944	2048
8208	EN	8404992	2048
8209	TL	8404992	2048
8210	EN	8407040	2048
8211	TL	8407040	2048
8212	EN	8409088	2048
8213	TL	8409088	2048
8214	EN	8411136	2048
8215	TL	8411136	2048
8216	EN	8413184	2048
8217	TL	8413184	2048
8218	EN	8415232	2048
8219	TL	8415232	2048
8220	EN	8417280	2048
8221	TL	8417280	2048
8222	EN	8419328	2048
8223	TL	8419328	2048
8224	EN	8421376	2048
8225	TL	8421376	2048
8226	EN	8423424	2048
8227	TL	8423424	2048
8228	EN	8425472	2048
8229	TL	8425472	2048
8230	EN	8427520	2048
8231	TL	8427520	2048
8232	EN	8429568	2048
8233	TL	8429568	2048
8234	EN	8431616	2048
8235	TL	8431616	2048
8236	EN	8433664	2048
8237	TL	8433664	2048
8238	EN	8435712	2048
8239	TL	8435712	2048
8240	EN	8437760	2048
8241	TL	8437760	2048
8242	EN	8439808	2048
8243	TL	8439808	2048
8244	EN	8441856	2048
8245	TL	8441856	2048
8246	EN	8443904	2048
8247	TL	8443904	2048
8248	EN	8445952	2048
8249	TL	8445952	2048
8250	EN	8448000	2048
8251	TL	8448000	2048
8252	EN	8450048	2048
8253	TL	8450048	2048
8254	EN	8452096	2048
8255	TL	8452096	2048
8256	EN	8454144	2048
8257	TL	8454144	2048
8258	EN	8456192	2048
8259	TL	8456192	2048
8260	EN	8458240	2048
8261	TL	8458240	2048
8262	EN	8460288	2048
8263	TL	8460288	2048
8264	EN	8462336	2048
8265	TL	8462336	2048
8266	EN	8464384	2048
8267	TL	8464384	2048
8268	EN	8466432	2048
8269	TL	8466432	2048
8270	EN	8468480	2048
8271	TL	8468480	2048
8272	EN	8470528	2048
8273	TL	8470528	2048
8274	EN	8472576	2048
8275	TL	8472576	2048
8276	EN	8474624	2048
8277	TL	8474624	2048
8278	EN	8476672	2048
8279	TL	8476672	2048
8280	EN	8478720	2048
8281	TL	8478720	2048
8282	EN	8480768	2048
8283	TL	8480768	2048
8284	EN	8482816	2048
8285	TL	8482816	2048
8286	EN	8484864	2048
8287	TL	8484864	2048
8288	EN	8486912	2048
8289	TL	8486912	2048
8290	EN	8488960	2048
8291	TL	8488960	2048
8292	EN	8491008	2048
8293	TL	8491008	2048
8294	EN	8493056	2048
8295	TL	8493056	2048
8296	EN	8495104	2048
8297	TL	8495104	2048
8298	EN	8497152	2048
8299	TL	8497152	2048
8300	EN	8499200	2048
8301	TL	8499200	2048
8302	EN	8501248	2048
8303	TL	8501248	2048
8304	EN	8503296	2048
8305	TL	8503296	2048
8306	EN	8505344	2048
8307	TL	8505344	2048
8308	EN	8507392	2048
8309	TL	8507392	2048
8310	EN	8509440	2048
8311	TL	8509440	2048
8312	EN	8511488	2048
8313	TL	8511488	2048
8314	EN	8513536	2048
8315	TL	8513536	2048
8316	EN	8515584	2048
8317	TL	8515584	2048
8318	EN	8517632	2048
8319	TL	8517632	2048
8320	EN	8519680	2048
8321	TL	8519680	2048
8322	EN	8521728	2048
8323	TL	8521728	2048
8324	EN	8523776	2048
8325	TL	8523776	2048
8326	EN	8525824	2048
8327	TL	8525824	2048
8328	EN	8527872	2048
8329	TL	8527872	2048
8330	EN	8529920	2048
8331	TL	8529920	2048
8332	EN	8531968	2048
8333	TL	8531968	2048
8334	EN	8534016	2048
8335	TL	8534016	2048
8336	EN	8536064	2048
8337	TL	8536064	2048
8338	EN	8538112	2048
8339	TL	8538112	2048
8340	EN	8540160	2048
8341	TL	8540160	2048
8342	EN	8542208	2048
8343	TL	8542208	2048
8344	EN	8544256	2048
8345	TL	8544256	2048
8346	EN	8546304	2048
8347	TL	8546304	2048
8348	EN	8548352	2048
8349	TL	8548352	2048
8350	EN	8550400	2048
8351	TL	8550400	2048
8352	EN	8552448	2048
8353	TL	8552448	2048
8354	EN	8554496	2048
8355	TL	8554496	2048
8356	EN	8556544	2048
8357	TL	8556544	2048
8358	EN	8558592	2048
8359	TL	8558592	2048
8360	EN	8560640	2048
8361	TL	8560640	2048
8362	EN	8562688	2048
8363	TL	8562688	2048
8364	EN	8564736	2048
8365	TL	8564736	2048
8366	EN	8566784	2048
8367	TL	8566784	2048
8368	EN	8568832	2048
8369	TL	8568832	2048
8370	EN	8570880	2048
8371	TL	8570880	2048
8372	EN	8572928	2048
8373	TL	8572928	2048
8374	EN	8574976	2048
8375	TL	8574976	2048
8376	EN	8577024	2048
8377	TL	8577024	2048
8378	EN	8579072	2048
8379	TL	8579072	2048
8380	EN	8581120	2048
8381	TL	8581120	2048
8382	EN	8583168	2048
8383	TL	8583168	2048
8384	EN	8585216	2048
8385	TL	8585216	2048
8386	EN	8587264	2048
8387	TL	8587264	2048
8388	EN	8589312	2048
8389	TL	8589312	2048
8390	EN	8591360	2048
8391	TL	8591360	2048
8392	EN	8593408	2048
8393	TL	8593408	2048
8394	EN	8595456	2048
8395	TL	8595456	2048
8396	EN	8597504	2048
8397	TL	8597504	2048
8398	EN	8599552	2048
8399	TL	8599552	2048
8400	EN	8601600	2048
8401	TL	8601600	2048
8402	EN	8603648	2048
8403	TL	8603648	2048
8404	EN	8605696	2048
8405	TL	8605696	2048
8406	EN	8607744	2048
8407	TL	8607744	2048
8408	EN	8609792	2048
8409	TL	8609792	2048
8410	EN	8611840	2048
8411	TL	8611840	2048
8412	EN	8613888	2048
8413	TL	8613888	2048
8414	EN	8615936	2048
8415	TL	8615936	2048
8416	EN	8617984	2048
8417	TL	8617984	2048
8418	EN	8620032	2048
8419	TL	8620032	2048
8420	EN	8622080	2048
8421	TL	8622080	2048
8422	EN	8624128	2048
8423	TL	8624128	2048
8424	EN	8626176	2048
8425	TL	8626176	2048
8426	EN	8628224	2048
8427	TL	8628224	2048
8428	EN	8630272	2048
8429	TL	8630272	2048
8430	EN	8632320	2048
8431	TL	8632320	2048
8432	EN	8634368	2048
8433	TL	8634368	2048
8434	EN	8636416	2048
8435	TL	8636416	2048
8436	EN	8638464	2048
8437	TL	8638464	2048
8438	EN	8640512	2048
8439	TL	8640512	2048
8440	EN	8642560	2048
8441	TL	8642560	2048
8442	EN	8644608	2048
8443	TL	8644608	2048
8444	EN	8646656	2048
8445	TL	8646656	2048
8446	EN	8648704	2048
8447	TL	8648704	2048
8448	EN	8650752	2048
8449	TL	8650752	2048
8450	EN	8652800	2048
8451	TL	8652800	2048
8452	EN	8654848	2048
8453	TL	8654848	2048
8454	EN	8656896	2048
8455	TL	8656896	2048
8456	EN	8658944	2048
8457	TL	8658944	2048
8458	EN	8660992	2048
8459	TL	8660992	2048
8460	EN	8663040	2048
8461	TL	8663040	2048
8462	EN	8665088	2048
8463	TL	8665088	2048
8464	EN	8667136	2048
8465	TL	8667136	2048
8466	EN	8669184	2048
8467	TL	8669184	2048
8468	EN	8671232	2048
8469	TL	8671232	2048
8470	EN	8673280	2048
8471	TL	8673280	2048
8472	EN	8675328	2048
8473	TL	8675328	2048
8474	EN	8677376	2048
8475	TL	8677376	2048
8476	EN	8679424	2048
8477	TL	8679424	2048
8478	EN	8681472	2048
8479	TL	8681472	2048
8480	EN	8683520	2048
8481	TL	8683520	2048
8482	EN	8685568	2048
8483	TL	8685568	2048
8484	EN	8687616	2048
8485	TL	8687616	2048
8486	EN	8689664	2048
8487	TL	8689664	2048
8488	EN	8691712	2048
8489	TL	8691712	2048
8490	EN	8693760	2048
8491	TL	8693760	2048
8492	EN	8695808	2048
8493	TL	8695808	2048
8494	EN	8697856	2048
8495	TL	8697856	2048
8496	EN	8699904	2048
8497	TL	8699904	2048
8498	EN	8701952	2048
8499	TL	8701952	2048
8500	EN	8704000	2048
8501	TL	8704000	2048
8502	EN	8706048	2048
8503	TL	8706048	2048
8504	EN	8708096	2048
8505	TL	8708096	2048
8506	EN	8710144	2048
8507	TL	8710144	2048
8508	EN	8712192	2048
8509	TL	8712192	2048
8510	EN	8714240	2048
8511	TL	8714240	2048
8512	EN	8716288	2048
8513	TL	8716288	2048
8514	EN	8718336	2048
8515	TL	8718336	2048
8516	EN	8720384	2048
8517	TL	8720384	2048
8518	EN	8722432	2048
8519	TL	8722432	2048
8520	EN	8724480	2048
8521	TL	8724480	2048
8522	EN	8726528	2048
8523	TL	8726528	2048
8524	EN	8728576	2048
8525	TL	8728576	2048
8526	EN	8730624	2048
8527	TL	8730624	2048
8528	EN	8732672	2048
8529	TL	8732672	2048
8530	EN	8734720	2048
8531	TL	8734720	2048
8532	EN	8736768	2048
8533	TL	8736768	2048
8534	EN	8738816	2048
8535	TL	8738816	2048
8536	EN	8740864	2048
8537	TL	8740864	2048
8538	EN	8742912	2048
8539	TL	8742912	2048
8540	EN	8744960	2048
8541	TL	8744960	2048
8542	EN	8747008	2048
8543	TL	8747008	2048
8544	EN	8749056	2048
8545	TL	8749056	2048
8546	EN	8751104	2048
8547	TL	8751104	2048
8548	EN	8753152	2048
8549	TL	8753152	2048
8550	EN	8755200	2048
8551	TL	8755200	2048
8552	EN	8757248	2048
8553	TL	8757248	2048
8554	EN	8759296	2048
8555	TL	8759296	2048
8556	EN	8761344	2048
8557	TL	8761344	2048
8558	EN	8763392	2048
8559	TL	8763392	2048
8560	EN	8765440	2048
8561	TL	8765440	2048
8562	EN	8767488	2048
8563	TL	8767488	2048
8564	EN	8769536	2048
8565	TL	8769536	2048
8566	EN	8771584	2048
8567	TL	8771584	2048
8568	EN	8773632	2048
8569	TL	8773632	2048
8570	EN	8775680	2048
8571	TL	8775680	2048
8572	EN	8777728	2048
8573	TL	8777728	2048
8574	EN	8779776	2048
8575	TL	8779776	2048
8576	EN	8781824	2048
8577	TL	8781824	2048
8578	EN	8783872	2048
8579	TL	8783872	2048
8580	EN	8785920	2048
8581	TL	8785920	2048
8582	EN	8787968	2048
8583	TL	8787968	2048
8584	EN	8790016	2048
8585	TL	8790016	2048
8586	EN	8792064	2048
8587	TL	8792064	2048
8588	EN	8794112	2048
8589	TL	8794112	2048
8590	EN	8796160	2048
8591	TL	8796160	2048
8592	EN	8798208	2048
8593	TL	8798208	2048
8594	EN	8800256	2048
8595	TL	8800256	2048
8596	EN	8802304	2048
8597	TL	8802304	2048
8598	EN	8804352	2048
8599	TL	8804352	2048
8600	EN	8806400	2048
8601	TL	8806400	2048
8602	EN	8808448	2048
8603	TL	8808448	2048
8604	EN	8810496	2048
8605	TL	8810496	2048
8606	EN	8812544	2048
8607	TL	8812544	2048
8608	EN	8814592	2048
8609	TL	8814592	2048
8610	EN	8816640	2048
8611	TL	8816640	2048
8612	EN	8818688	2048
8613	TL	8818688	2048
8614	EN	8820736	2048
8615	TL	8820736	2048
8616	EN	8822784	2048
8617	TL	8822784	2048
8618	EN	8824832	2048
8619	TL	8824832	2048
8620	EN	8826880	2048
8621	TL	8826880	2048
8622	EN	8828928	2048
8623	TL	8828928	2048
8624	EN	8830976	2048
8625	TL	8830976	2048
8626	EN	8833024	2048
8627	TL	8833024	2048
8628	EN	8835072	2048
8629	TL	8835072	2048
8630	EN	8837120	2048
8631	TL	8837120	2048
8632	EN	8839168	2048
8633	TL	8839168	2048
8634	EN	8841216	2048
8635	TL	8841216	2048
8636	EN	8843264	2048
8637	TL	8843264	2048
8638	EN	8845312	2048
8639	TL	8845312	2048
8640	EN	8847360	2048
8641	TL	8847360	2048
8642	EN	8849408	2048
8643	TL	8849408	2048
8644	EN	8851456	2048
8645	TL	8851456	2048
8646	EN	8853504	2048
8647	TL	8853504	2048
8648	EN	8855552	2048
8649	TL	8855552	2048
8650	EN	8857600	2048
8651	TL	8857600	2048
8652	EN	8859648	2048
8653	TL	8859648	2048
8654	EN	8861696	2048
8655	TL	8861696	2048
8656	EN	8863744	2048
8657	TL	8863744	2048
8658	EN	8865792	2048
8659	TL	8865792	2048
8660	EN	8867840	2048
8661	TL	8867840	2048
8662	EN	8869888	2048
8663	TL	8869888	2048
8664	EN	8871936	2048
8665	TL	8871936	2048
8666	EN	8873984	2048
8667	TL	8873984	2048
8668	EN	8876032	2048
8669	TL	8876032	2048
8670	EN	8878080	2048
8671	TL	8878080	2048
8672	EN	8880128	2048
8673	TL	8880128	2048
8674	EN	8882176	2048
8675	TL	8882176	2048
8676	EN	8884224	2048
8677	TL	8884224	2048
8678	EN	8886272	2048
8679	TL	8886272	2048
8680	EN	8888320	2048
8681	TL	8888320	2048
8682	EN	8890368	2048
8683	TL	8890368	2048
8684	EN	8892416	2048
8685	TL	8892416	2048
8686	EN	8894464	2048
8687	TL	8894464	2048
8688	EN	8896512	2048
8689	TL	8896512	2048
8690	EN	8898560	2048
8691	TL	8898560	2048
8692	EN	8900608	2048
8693	TL	8900608	2048
8694	EN	8902656	2048
8695	TL	8902656	2048
8696	EN	8904704	2048
8697	TL	8904704	2048
8698	EN	8906752	2048
8699	TL	8906752	2048
8700	EN	8908800	2048
8701	TL	8908800	2048
8702	EN	8910848	2048
8703	TL	8910848	2048
8704	EN	8912896	2048
8705	TL	8912896	2048
8706	EN	8914944	2048
8707	TL	8914944	2048
8708	EN	8916992	2048
8709	TL	8916992	2048
8710	EN	8919040	2048
8711	TL	8919040	2048
8712	EN	8921088	2048
8713	TL	8921088	2048
8714	EN	8923136	2048
8715	TL	8923136	2048
8716	EN	8925184	2048
8717	TL	8925184	2048
8718	EN	8927232	2048
8719	TL	8927232	2048
8720	EN	8929280	2048
8721	TL	8929280	2048
8722	EN	8931328	2048
8723	TL	8931328	2048
8724	EN	8933376	2048
8725	TL	8933376	2048
8726	EN	8935424	2048
8727	TL	8935424	2048
8728	EN	8937472	2048
8729	TL	8937472	2048
8730	EN	8939520	2048
8731	TL	8939520	2048
8732	EN	8941568	2048
8733	TL	8941568	2048
8734	EN	8943616	2048
8735	TL	8943616	2048
8736	EN	8945664	2048
8737	TL	8945664	2048
8738	EN	8947712	2048
8739	TL	8947712	2048
8740	EN	8949760	2048
8741	TL	8949760	2048
8742	EN	8951808	2048
8743	TL	8951808	2048
8744	EN	8953856	2048
8745	TL	8953856	2048
8746	EN	8955904	2048
8747	TL	8955904	2048
8748	EN	8957952	2048
8749	TL	8957952	2048
8750	EN	8960000	2048
8751	TL	8960000	2048
8752	EN	8962048	2048
8753	TL	8962048	2048
8754	EN	8964096	2048
8755	TL	8964096	2048
8756	EN	8966144	2048
8757	TL	8966144	2048
8758	EN	8968192	2048
8759	TL	8968192	2048
8760	EN	8970240	2048
8761	TL	8970240	2048
8762	EN	8972288	2048
8763	TL	8972288	2048
8764	EN	8974336	2048
8765	TL	8974336	2048
8766	EN	8976384	2048
8767	TL	8976384	2048
8768	EN	8978432	2048
8769	TL	8978432	2048
8770	EN	8980480	2048
8771	TL	8980480	2048
8772	EN	8982528	2048
8773	TL	8982528	2048
8774	EN	8984576	2048
8775	TL	8984576	2048
8776	EN	8986624	2048
8777	TL	8986624	2048
8778	EN	8988672	2048
8779	TL	8988672	2048
8780	EN	8990720	2048
8781	TL	8990720	2048
8782	EN	8992768	2048
8783	TL	8992768	2048
8784	EN	8994816	2048
8785	TL	8994816	2048
8786	EN	8996864	2048
8787	TL	8996864	2048
8788	EN	8998912	2048
8789	TL	8998912	2048
8790	EN	9000960	2048
8791	TL	9000960	2048
8792	EN	9003008	2048
8793	TL	9003008	2048
8794	EN	9005056	2048
8795	TL	9005056	2048
8796	EN	9007104	2048
8797	TL	9007104	2048
8798	EN	9009152	2048
8799	TL	9009152	2048
8800	EN	9011200	2048
8801	TL	9011200	2048
8802	EN	9013248	2048
8803	TL	9013248	2048
8804	EN	9015296	2048
8805	TL	9015296	2048
8806	EN	9017344	2048
8807	TL	9017344	2048
8808	EN	9019392	2048
8809	TL	9019392	2048
8810	EN	9021440	2048
8811	TL	9021440	2048
8812	EN	9023488	2048
8813	TL	9023488	2048
8814	EN	9025536	2048
8815	TL	9025536	2048
8816	EN	9027584	2048
8817	TL	9027584	2048
8818	EN	9029632	2048
8819	TL	9029632	2048
8820	EN	9031680	2048
8821	TL	9031680	2048
8822	EN	9033728	2048
8823	TL	9033728	2048
8824	EN	9035776	2048
8825	TL	9035776	2048
8826	EN	9037824	2048
8827	TL	9037824	2048
8828	EN	9039872	2048
8829	TL	9039872	2048
8830	EN	9041920	2048
8831	TL	9041920	2048
8832	EN	9043968	2048
8833	TL	9043968	2048
8834	EN	9046016	2048
8835	TL	9046016	2048
8836	EN	9048064	2048
8837	TL	9048064	2048
8838	EN	9050112	2048
8839	TL	9050112	2048
8840	EN	9052160	2048
8841	TL	9052160	2048
8842	EN	9054208	2048
8843	TL	9054208	2048
8844	EN	9056256	2048
8845	TL	9056256	2048
8846	EN	9058304	2048
8847	TL	9058304	2048
8848	EN	9060352	2048
8849	TL	9060352	2048
8850	EN	9062400	2048
8851	TL	9062400	2048
8852	EN	9064448	2048
8853	TL	9064448	2048
8854	EN	9066496	2048
8855	TL	9066496	2048
8856	EN	9068544	2048
8857	TL	9068544	2048
8858	EN	9070592	2048
8859	TL	9070592	2048
8860	EN	9072640	2048
8861	TL	9072640	2048
8862	EN	9074688	2048
8863	TL	9074688	2048
8864	EN	9076736	2048
8865	TL	9076736	2048
8866	EN	9078784	2048
8867	TL	9078784	2048
8868	EN	9080832	2048
8869	TL	9080832	2048
8870	EN	9082880	2048
8871	TL	9082880	2048
8872	EN	9084928	2048
8873	TL	9084928	2048
8874	EN	9086976	2048
8875	TL	9086976	2048
8876	EN	9089024	2048
8877	TL	9089024	2048
8878	EN	9091072	2048
8879	TL	9091072	2048
8880	EN	9093120	2048
8881	TL	9093120	2048
8882	EN	9095168	2048
8883	TL	9095168	2048
8884	EN	9097216	2048
8885	TL	9097216	2048
8886	EN	9099264	2048
8887	TL	9099264	2048
8888	EN	9101312	2048
8889	TL	9101312	2048
8890	EN	9103360	2048
8891	TL	9103360	2048
8892	EN	9105408	2048
8893	TL	9105408	2048
8894	EN	9107456	2048
8895	TL	9107456	2048
8896	EN	9109504	2048
8897	TL	9109504	2048
8898	EN	9111552	2048
8899	TL	9111552	2048
8900	EN	9113600	2048
8901	TL	9113600	2048
8902	EN	9115648	2048
8903	TL	9115648	2048
8904	EN	9117696	2048
8905	TL	9117696	2048
8906	EN	9119744	2048
8907	TL	9119744	2048
8908	EN	9121792	2048
8909	TL	9121792	2048
8910	EN	9123840	2048
8911	TL	9123840	2048
8912	EN	9125888	2048
8913	TL	9125888	2048
8914	EN	9127936	2048
8915	TL	9127936	2048
8916	EN	9129984	2048
8917	TL	9129984	2048
8918	EN	9132032	2048
8919	TL	9132032	2048
8920	EN	9134080	2048
8921	TL	9134080	2048
8922	EN	9136128	2048
8923	TL	9136128	2048
8924	EN	9138176	2048
8925	TL	9138176	2048
8926	EN	9140224	2048
8927	TL	9140224	2048
8928	EN	9142272	2048
8929	TL	9142272	2048
8930	EN	9144320	2048
8931	TL	9144320	2048
8932	EN	9146368	2048
8933	TL	9146368	2048
8934	EN	9148416	2048
8935	TL	9148416	2048
8936	EN	9150464	2048
8937	TL	9150464	2048
8938	EN	9152512	2048
8939	TL	9152512	2048
8940	EN	9154560	2048
8941	TL	9154560	2048
8942	EN	9156608	2048
8943	TL	9156608	2048
8944	EN	9158656	2048
8945	TL	9158656	2048
8946	EN	9160704	2048
8947	TL	9160704	2048
8948	EN	9162752	2048
8949	TL	9162752	2048
8950	EN	9164800	2048
8951	TL	9164800	2048
8952	EN	9166848	2048
8953	TL	9166848	2048
8954	EN	9168896	2048
8955	TL	9168896	2048
8956	EN	9170944	2048
8957	TL	9170944	2048
8958	EN	9172992	2048
8959	TL	9172992	2048
8960	EN	9175040	2048
8961	TL	9175040	2048
8962	EN	9177088	2048
8963	TL	9177088	2048
8964	EN	9179136	2048
8965	TL	9179136	2048
8966	EN	9181184	2048
8967	TL	9181184	2048
8968	EN	9183232	2048
8969	TL	9183232	2048
8970	EN	9185280	2048
8971	TL	9185280	2048
8972	EN	9187328	2048
8973	TL	9187328	2048
8974	EN	9189376	2048
8975	TL	9189376	2048
8976	EN	9191424	2048
8977	TL	9191424	2048
8978	EN	9193472	2048
8979	TL	9193472	2048
8980	EN	9195520	2048
8981	TL	9195520	2048
8982	EN	9197568	2048
8983	TL	9197568	2048
8984	EN	9199616	2048
8985	TL	9199616	2048
8986	EN	9201664	2048
8987	TL	9201664	2048
8988	EN	9203712	2048
8989	TL	9203712	2048
8990	EN	9205760	2048
8991	TL	9205760	2048
8992	EN	9207808	2048
8993	TL	9207808	2048
8994	EN	9209856	2048
8995	TL	9209856	2048
8996	EN	9211904	2048
8997	TL	9211904	2048
8998	EN	9213952	2048
8999	TL	9213952	2048
9000	EN	9216000	2048
9001	TL	9216000	2048
9002	EN	9218048	2048
9003	TL	9218048	2048
9004	EN	9220096	2048
9005	TL	9220096	2048
9006	EN	9222144	2048
9007	TL	9222144	2048
9008	EN	9224192	2048
9009	TL	9224192	2048
9010	EN	9226240	2048
9011	TL	9226240	2048
9012	EN	9228288	2048
9013	TL	9228288	2048
9014	EN	9230336	2048
9015	TL	9230336	2048
9016	EN	9232384	2048
9017	TL	9232384	2048
9018	EN	9234432	2048
9019	TL	9234432	2048
9020	EN	9236480	2048
9021	TL	9236480	2048
9022	EN	9238528	2048
9023	TL	9238528	2048
9024	EN	9240576	2048
9025	TL	9240576	2048
9026	EN	9242624	2048
9027	TL	9242624	2048
9028	EN	9244672	2048
9029	TL	9244672	2048
9030	EN	9246720	2048
9031	TL	9246720	2048
9032	EN	9248768	2048
9033	TL	9248768	2048
9034	EN	9250816	2048
9035	TL	9250816	2048
9036	EN	9252864	2048
9037	TL	9252864	2048
9038	EN	9254912	2048
9039	TL	9254912	2048
9040	EN	9256960	2048
9041	TL	9256960	2048
9042	EN	9259008	2048
9043	TL	9259008	2048
9044	EN	9261056	2048
9045	TL	9261056	2048
9046	EN	9263104	2048
9047	TL	9263104	2048
9048	EN	9265152	2048
9049	TL	9265152	2048
9050	EN	9267200	2048
9051	TL	9267200	2048
9052	EN	9269248	2048
9053	TL	9269248	2048
9054	EN	9271296	2048
9055	TL	9271296	2048
9056	EN	9273344	2048
9057	TL	9273344	2048
9058	EN	9275392	2048
9059	TL	9275392	2048
9060	EN	9277440	2048
9061	TL	9277440	2048
9062	EN	9279488	2048
9063	TL	9279488	2048
9064	EN	9281536	2048
9065	TL	9281536	2048
9066	EN	9283584	2048
9067	TL	9283584	2048
9068	EN	9285632	2048
9069	TL	9285632	2048
9070	EN	9287680	2048
9071	TL	9287680	2048
9072	EN	9289728	2048
9073	TL	9289728	2048
9074	EN	9291776	2048
9075	TL	9291776	2048
9076	EN	9293824	2048
9077	TL	9293824	2048
9078	EN	9295872	2048
9079	TL	9295872	2048
9080	EN	9297920	2048
9081	TL	9297920	2048
9082	EN	9299968	2048
9083	TL	9299968	2048
9084	EN	9302016	2048
9085	TL	9302016	2048
9086	EN	9304064	2048
9087	TL	9304064	2048
9088	EN	9306112	2048
9089	TL	9306112	2048
9090	EN	9308160	2048
9091	TL	9308160	2048
9092	EN	9310208	2048
9093	TL	9310208	2048
9094	EN	9312256	2048
9095	TL	9312256	2048
9096	EN	9314304	2048
9097	TL	9314304	2048
9098	EN	9316352	2048
9099	TL	9316352	2048
9100	EN	9318400	2048
9101	TL	9318400	2048
9102	EN	9320448	2048
9103	TL	9320448	2048
9104	EN	9322496	2048
9105	TL	9322496	2048
9106	EN	9324544	2048
9107	TL	9324544	2048
9108	EN	9326592	2048
9109	TL	9326592	2048
9110	EN	9328640	2048
9111	TL	9328640	2048
9112	EN	9330688	2048
9113	TL	9330688	2048
9114	EN	9332736	2048
9115	TL	9332736	2048
9116	EN	9334784	2048
9117	TL	9334784	2048
9118	EN	9336832	2048
9119	TL	9336832	2048
9120	EN	9338880	2048
9121	TL	9338880	2048
9122	EN	9340928	2048
9123	TL	9340928	2048
9124	EN	9342976	2048
9125	TL	9342976	2048
9126	EN	9345024	2048
9127	TL	9345024	2048
9128	EN	9347072	2048
9129	TL	9347072	2048
9130	EN	9349120	2048
9131	TL	9349120	2048
9132	EN	9351168	2048
9133	TL	9351168	2048
9134	EN	9353216	2048
9135	TL	9353216	2048
9136	EN	9355264	2048
9137	TL	9355264	2048
9138	EN	9357312	2048
9139	TL	9357312	2048
9140	EN	9359360	2048
9141	TL	9359360	2048
9142	EN	9361408	2048
9143	TL	9361408	2048
9144	EN	9363456	2048
9145	TL	9363456	2048
9146	EN	9365504	2048
9147	TL	9365504	2048
9148	EN	9367552	2048
9149	TL	9367552	2048
9150	EN	9369600	2048
9151	TL	9369600	2048
9152	EN	9371648	2048
9153	TL	9371648	2048
9154	EN	9373696	2048
9155	TL	9373696	2048
9156	EN	9375744	2048
9157	TL	9375744	2048
9158	EN	9377792	2048
9159	TL	9377792	2048
9160	EN	9379840	2048
9161	TL	9379840	2048
9162	EN	9381888	2048
9163	TL	9381888	2048
9164	EN	9383936	2048
9165	TL	9383936	2048
9166	EN	9385984	2048
9167	TL	9385984	2048
9168	EN	9388032	2048
9169	TL	9388032	2048
9170	EN	9390080	2048
9171	TL	9390080	2048
9172	EN	9392128	2048
9173	TL	9392128	2048
9174	EN	9394176	2048
9175	TL	9394176	2048
9176	EN	9396224	2048
9177	TL	9396224	2048
9178	EN	9398272	2048
9179	TL	9398272	2048
9180	EN	9400320	2048
9181	TL	9400320	2048
9182	EN	9402368	2048
9183	TL	9402368	2048
9184	EN	9404416	2048
9185	TL	9404416	2048
9186	EN	9406464	2048
9187	TL	9406464	2048
9188	EN	9408512	2048
9189	TL	9408512	2048
9190	EN	9410560	2048
9191	TL	9410560	2048
9192	EN	9412608	2048
9193	TL	9412608	2048
9194	EN	9414656	2048
9195	TL	9414656	2048
9196	EN	9416704	2048
9197	TL	9416704	2048
9198	EN	9418752	2048
9199	TL	9418752	2048
9200	EN	9420800	2048
9201	TL	9420800	2048
9202	EN	9422848	2048
9203	TL	9422848	2048
9204	EN	9424896	2048
9205	TL	9424896	2048
9206	EN	9426944	2048
9207	TL	9426944	2048
9208	EN	9428992	2048
9209	TL	9428992	2048
9210	EN	9431040	2048
9211	TL	9431040	2048
9212	EN	9433088	2048
9213	TL	9433088	2048
9214	EN	9435136	2048
9215	TL	9435136	2048
9216	EN	9437184	2048
9217	TL	9437184	2048
9218	EN	9439232	2048
9219	TL	9439232	2048
9220	EN	9441280	2048
9221	TL	9441280	2048
9222	EN	9443328	2048
9223	TL	9443328	2048
9224	EN	9445376	2048
9225	TL	9445376	2048
9226	EN	9447424	2048
9227	TL	9447424	2048
9228	EN	9449472	2048
9229	TL	9449472	2048
9230	EN	9451520	2048
9231	TL	9451520	2048
9232	EN	9453568	2048
9233	TL	9453568	2048
9234	EN	9455616	2048
9235	TL	9455616	2048
9236	EN	9457664	2048
9237	TL	9457664	2048
9238	EN	9459712	2048
9239	TL	9459712	2048
9240	EN	9461760	2048
9241	TL	9461760	2048
9242	EN	9463808	2048
9243	TL	9463808	2048
9244	EN	9465856	2048
9245	TL	9465856	2048
9246	EN	9467904	2048
9247	TL	9467904	2048
9248	EN	9469952	2048
9249	TL	9469952	2048
9250	EN	9472000	2048
9251	TL	9472000	2048
9252	EN	9474048	2048
9253	TL	9474048	2048
9254	EN	9476096	2048
9255	TL	9476096	2048
9256	EN	9478144	2048
9257	TL	9478144	2048
9258	EN	9480192	2048
9259	TL	9480192	2048
9260	EN	9482240	2048
9261	TL	9482240	2048
9262	EN	9484288	2048
9263	TL	9484288	2048
9264	EN	9486336	2048
9265	TL	9486336	2048
9266	EN	9488384	2048
9267	TL	9488384	2048
9268	EN	9490432	2048
9269	TL	9490432	2048
9270	EN	9492480	2048
9271	TL	9492480	2048
9272	EN	9494528	2048
9273	TL	9494528	2048
9274	EN	9496576	2048
9275	TL	9496576	2048
9276	EN	9498624	2048
9277	TL	9498624	2048
9278	EN	9500672	2048
9279	TL	9500672	2048
9280	EN	9502720	2048
9281	TL	9502720	2048
9282	EN	9504768	2048
9283	TL	9504768	2048
9284	EN	9506816	2048
9285	TL	9506816	2048
9286	EN	9508864	2048
9287	TL	9508864	2048
9288	EN	9510912	2048
9289	TL	9510912	2048
9290	EN	9512960	2048
9291	TL	9512960	2048
9292	EN	9515008	2048
9293	TL	9515008	2048
9294	EN	9517056	2048
9295	TL	9517056	2048
9296	EN	9519104	2048
9297	TL	9519104	2048
9298	EN	9521152	2048
9299	TL	9521152	2048
9300	EN	9523200	2048
9301	TL	9523200	2048
9302	EN	9525248	2048
9303	TL	9525248	2048
9304	EN	9527296	2048
9305	TL	9527296	2048
9306	EN	9529344	2048
9307	TL	9529344	2048
9308	EN	9531392	2048
9309	TL	9531392	2048
9310	EN	9533440	2048
9311	TL	9533440	2048
9312	EN	9535488	2048
9313	TL	9535488	2048
9314	EN	9537536	2048
9315	TL	9537536	2048
9316	EN	9539584	2048
9317	TL	9539584	2048
9318	EN	9541632	2048
9319	TL	9541632	2048
9320	EN	9543680	2048
9321	TL	9543680	2048
9322	EN	9545728	2048
9323	TL	9545728	2048
9324	EN	9547776	2048
9325	TL	9547776	2048
9326	EN	9549824	2048
9327	TL	9549824	2048
9328	EN	9551872	2048
9329	TL	9551872	2048
9330	EN	9553920	2048
9331	TL	9553920	2048
9332	EN	9555968	2048
9333	TL	9555968	2048
9334	EN	9558016	2048
9335	TL	9558016	2048
9336	EN	9560064	2048
9337	TL	9560064	2048
9338	EN	9562112	2048
9339	TL	9562112	2048
9340	EN	9564160	2048
9341	TL	9564160	2048
9342	EN	9566208	2048
9343	TL	9566208	2048
9344	EN	9568256	2048
9345	TL	9568256	2048
9346	EN	9570304	2048
9347	TL	9570304	2048
9348	EN	9572352	2048
9349	TL	9572352	2048
9350	EN	9574400	2048
9351	TL	9574400	2048
9352	EN	9576448	2048
9353	TL	9576448	2048
9354	EN	9578496	2048
9355	TL	9578496	2048
9356	EN	9580544	2048
9357	TL	9580544	2048
9358	EN	9582592	2048
9359	TL	9582592	2048
9360	EN	9584640	2048
9361	TL	9584640	2048
9362	EN	9586688	2048
9363	TL	9586688	2048
9364	EN	9588736	2048
9365	TL	9588736	2048
9366	EN	9590784	2048
9367	TL	9590784	2048
9368	EN	9592832	2048
9369	TL	9592832	2048
9370	EN	9594880	2048
9371	TL	9594880	2048
9372	EN	9596928	2048
9373	TL	9596928	2048
9374	EN	9598976	2048
9375	TL	9598976	2048
9376	EN	9601024	2048
9377	TL	9601024	2048
9378	EN	9603072	2048
9379	TL	9603072	2048
9380	EN	9605120	2048
9381	TL	9605120	2048
9382	EN	9607168	2048
9383	TL	9607168	2048
9384	EN	9609216	2048
9385	TL	9609216	2048
9386	EN	9611264	2048
9387	TL	9611264	2048
9388	EN	9613312	2048
9389	TL	9613312	2048
9390	EN	9615360	2048
9391	TL	9615360	2048
9392	EN	9617408	2048
9393	TL	9617408	2048
9394	EN	9619456	2048
9395	TL	9619456	2048
9396	EN	9621504	2048
9397	TL	9621504	2048
9398	EN	9623552	2048
9399	TL	9623552	2048
9400	EN	9625600	2048
9401	TL	9625600	2048
9402	EN	9627648	2048
9403	TL	9627648	2048
9404	EN	9629696	2048
9405	TL	9629696	2048
9406	EN	9631744	2048
9407	TL	9631744	2048
